MARCA;MARCA_GN
S/A;S/A
AGUILA ROJA;AGUILA ROJA
BEMOKA;BEMOKA
QUINDIO;QUINDIO
MARISCAL;MARISCAL
COLONIAL;COLONIAL
ALMENDRA TROPICAL;ALMENDRA TROPICAL
AROMA;AROMA
LUKAFE;LUKAFE
NEW COLONY;NEW COLONY
COLCAFE;COLCAFE
LA BASTILLA;LA BASTILLA
MATIZ;MATIZ
SELLO ROJO;SELLO ROJO
FRONTERA;FRONTERA
CAFE GALAVIS EXTRA;CAFE GALAVIS EXTRA
GIRONES;GIRONES
MORASURCO;MORASURCO
DOLCE GUSTO;DOLCE GUSTO
OTRAS MARCAS;OTRAS MARCAS
PL;MARCAS PRIVADAS
JUAN VALDEZ;JUAN VALDEZ
CORDOBA;CORDOBA
CUARTAS;CUARTAS
OMA;OMA
DORIA;DORIA
LA MUNECA;LA MUNECA
RICOMPLETO;RICOMPLETO
SHUR FINE;SHUR FINE
DON VITTORIO;DON VITTORIO
BARILLA;BARILLA
ROMAGNOLA;ROMAGNOLA
COLOMBINA;COLOMBINA
MONARI;MONARI
CORTICELLA;CORTICELLA
COMARRICO;COMARRICO
KIBO;KIBO
MONTICELLO;MONTICELLO
DE CECCO;DE CECCO
FIRENZE;FIRENZE
GAVASSA;GAVASSA
MARYPAS;MARYPAS
DON GIOVANNI;DON GIOVANNI
ZONIA;ZONIA
CONZAZONI;CONZAZONI
PUGLIESE;PUGLIESE
SAN REMO;SAN REMO
KRAFT;KRAFT
VELVEETA;VELVEETA
LISTA;LISTA
BUENA MESA;BUENA MESA
LA NIEVE;LA NIEVE
NAPOLI;NAPOLI
NENA LELA;NENA LELA
NURIA;NURIA
RONDA;RONDA
MACEDONIA;MACEDONIA
UNDER WOOD;UNDER WOOD
NEGOCIO CARNICO;NEGOCIO CARNICO
RICA;RICA
DAN;DAN
FRICAR;FRICAR
BLONY;BLONY
LA CONSTANCIA;LA CONSTANCIA
LA CORUNA;LA CORUNA
KICK;KICK
DIPSA EXOTIC;DIPSA EXOTIC
DIPSA FOOD;DIPSA FOOD
EXOTIC;EXOTIC
HATSU;HATSU
NATURE VALLEY;NATURE VALLEY
KELLOGG S;KELLOGG S
ALL BRAN;ALL BRAN
CHOCO KRISPIS;CHOCO KRISPIS
NUTRI GRAIN;NUTRI GRAIN
RICE KRISPIES;RICE KRISPIES
SPECIAL K;SPECIAL K
ZUCARITAS;ZUCARITAS
CHOCOLISTO;CHOCOLISTO
SPORT;SPORT
TOSH;TOSH
CHOCAPIC;CHOCAPIC
FITNESS;FITNESS
MILO;MILO
QUAKER;QUAKER
MAIZENA;MAIZENA
NIKOLO;NIKOLO
JET;JET
JUMBO;JUMBO
MONTBLANC;MONTBLANC
SANTANDER;SANTANDER
NUCITA;NUCITA
TORRAS;TORRAS
KINDER;KINDER
GAROTO;GAROTO
HERSHEY S;HERSHEY S
REESE S;REESE S
BIANCHI;BIANCHI
ITALO;ITALO
DOLCEVITA;DOLCEVITA
LINDT;LINDT
LOK;LOK
M M S;M M S
SNICKERS;SNICKERS
MILKA;MILKA
OREO;OREO
PERUGINA;PERUGINA
TRIUNFO;TRIUNFO
WAWEL;WAWEL
LUKER;LUKER
SOLAR;SOLAR
CHOCO LYNE;CHOCO LYNE
MOMENTS;MOMENTS
BUTTER FINGER;BUTTER FINGER
CLASSIC;CLASSIC
SEDUCCION;SEDUCCION
CHOCO STOP;CHOCO STOP
GOLPE;GOLPE
GOL;GOL
KICK KAT;KICK KAT
KINDER BUENO;KINDER BUENO
SUPER COCO;SUPER COCO
BONFRUIT;BONFRUIT
MARS;MARS
3 MUSKETTERS;3 MUSKETTERS
MILKY WAY;MILKY WAY
TWIST;TWIST
TWIX;TWIX
KIT KAT;KIT KAT
BON O BON;BON O BON
SAPITO;SAPITO
ROLETTO;ROLETTO
CHOCO BREAK;CHOCO BREAK
CHOCO DISK;CHOCO DISK
KICK BACK;KICK BACK
FERRERO ROCHER;FERRERO ROCHER
NOGGY;NOGGY
BITES;BITES
KISSES;KISSES
MICHOC;MICHOC
BACI;BACI
NOEL;NOEL
CALENDARIO NAVIDAD;CALENDARIO NAVIDAD
RAFFAELLO;RAFFAELLO
BONKIS;BONKIS
MERCI;MERCI
MARIA ELISA;MARIA ELISA
NAYARITH;NAYARITH
BEAUMONT;BEAUMONT
DULCE NAVIDAD;DULCE NAVIDAD
GREZON;GREZON
ABURRA;ABURRA
LA ESPECIAL;LA ESPECIAL
DELIMANI;DELIMANI
DONA BETTY;DONA BETTY
FRITO LAY;FRITO LAY
MANITOBA;MANITOBA
EL MANICERO;EL MANICERO
JACK S;JACK S
PLANTERS;PLANTERS
MANIYUM;MANIYUM
LUMA;LUMA
MANI MOTO;MANI MOTO
NATUNUTS;NATUNUTS
NUTRINUT;NUTRINUT
SNACK MIX;SNACK MIX
NATURE S HEART;NATURE S HEART
CROCATO;CROCATO
CHOCOLORES;CHOCOLORES
CORONA;CORONA
FRESCAVENA;FRESCAVENA
TODDY;TODDY
CHOCOLISTO CROCANTE;CHOCOLISTO CROCANTE
CORONA FLASH;CORONA FLASH
TURBO JET;TURBO JET
MALTEADA ROYAL;MALTEADA ROYAL
NESQUIK;NESQUIK
QIKELY;QIKELY
MILLER S;MILLER S
ALFA;ALFA
ROLAND;ROLAND
EL FORTIN;EL FORTIN
AL FRESCO;AL FRESCO
CAMPO VERDE;CAMPO VERDE
DEL MONTE;DEL MONTE
DEL CAMPO;DEL CAMPO
SAN JORGE;SAN JORGE
RESPIN;RESPIN
SETAS DE CUIVA;SETAS DE CUIVA
MADURA;MADURA
QUESADA;QUESADA
SOL;SOL
CHOCO EXPRESS;CHOCO EXPRESS
CHOCOLATADA;CHOCOLATADA
CHOKER;CHOKER
COLOSAL;COLOSAL
CRUZ;CRUZ
DIANA;DIANA
TESALIA;TESALIA
CHOCO RICO;CHOCO RICO
CHOCOLATE NACIONAL;CHOCOLATE NACIONAL
ANDINO;ANDINO
CHOCO LATINO;CHOCO LATINO
SUISS;SUISS
EL ESPANOL;EL ESPANOL
ABUELITA;ABUELITA
BOYACENSE;BOYACENSE
SAN JOSE;SAN JOSE
CALENTANO;CALENTANO
TOLIMAX;TOLIMAX
VITACHOCOLATE;VITACHOCOLATE
BON BON BUM;BON BON BUM
CHUPILETTA;CHUPILETTA
COFFE DELIGHT;COFFE DELIGHT
FRULY;FRULY
FUSSIONE;FUSSIONE
MAXILATTO;MAXILATTO
MINIONS;MINIONS
ROBIN HOOD;ROBIN HOOD
SNAKE;SNAKE
TENTAZIONE;TENTAZIONE
ALOHA;ALOHA
ARTESANAL;ARTESANAL
BANANITO;BANANITO
BOCATTO;BOCATTO
CASERO;CASERO
CHOCO CONO;CHOCO CONO
CREM HELADO;CREM HELADO
CREMOLETTA;CREMOLETTA
DONA;DONA
DRACULA;DRACULA
FESTIVAL;FESTIVAL
HELADINO;HELADINO
LENGUILETTA;LENGUILETTA
PALO LOCO;PALO LOCO
PASION;PASION
PLATILLO;PLATILLO
POLET;POLET
SINFONIA;SINFONIA
SUNDAE;SUNDAE
MIMO S;MIMO S
MIMITO S;MIMITO S
LA FRESITA;LA FRESITA
POPSY;POPSY
TRIANGULITO BONICE;TRIANGULITO BONICE
CALIPSO;CALIPSO
QBON;QBON
MONSTER;MONSTER
MY LITTLE PONY;MY LITTLE PONY
TORNADO;TORNADO
XANDIA;XANDIA
MAJA;MAJA
BALCAN;BALCAN
FILLO DOUGH;FILLO DOUGH
PICADITAS;PICADITAS
DON MAIZ;DON MAIZ
K LISTO;K LISTO
LA RICURA;LA RICURA
PUEBLO VIEJO;PUEBLO VIEJO
FARAH;FARAH
DOLOMITI;DOLOMITI
GIULIANI;GIULIANI
PASTICHELI;PASTICHELI
SIBARITA;SIBARITA
PASTIFICIO;PASTIFICIO
BAMBINI;BAMBINI
KLICK;KLICK
KOKORIKO;KOKORIKO
CALYPSO;CALYPSO
DE MI PUEBLO;DE MI PUEBLO
DELICHICKS;DELICHICKS
PIMPOLLO;PIMPOLLO
MR QUICK;MR QUICK
ZENU;ZENU
LUZ MARINA ORDONEZ;LUZ MARINA ORDONEZ
VILLA DEL ROSARIO;VILLA DEL ROSARIO
BASTIYA;BASTIYA
BUEN DIA;BUEN DIA
DOLCA;DOLCA
NESCAFE;NESCAFE
SOY PLUS CAFE;SOY PLUS CAFE
KANSAS;KANSAS
MARYSOL;MARYSOL
SELECTO;SELECTO
FROOT LOOPS;FROOT LOOPS
DON SABROSO;DON SABROSO
LA INDIA;LA INDIA
CHOCO LIGHT;CHOCO LIGHT
ABUELITA/POLVO/SIN SABOR;ABUELITA
ABUELITA/POLVO/SIN SABORABUELITA/POLVO/401 O MAS GRS;ABUELITA
ABURRA/BARRA/CLAVOS Y CANELA;ABURRA
ABURRA/BARRA/CLAVOS Y CANELAABURRA/BARRA/250 374 GRS;ABURRA
ABURRA/BARRA/SIN SABOR;ABURRA
ABURRA/BARRA/SIN SABORABURRA/BARRA/250 374 GRS;ABURRA
ABURRA/BARRA/SIN SABORABURRA/BARRA/33 125 GRS;ABURRA
ABURRA/POLVO/SIN SABOR;ABURRA
ABURRA/POLVO/SIN SABORABURRA/POLVO/141 200 GRS;ABURRA
ALBA DEL FONCE/BARRA/CLAVOS Y CANELA;ALBA DEL FONCE
ALBA DEL FONCE/BARRA/CLAVOS Y CANELAALBA DEL FONCE/BARRA/250 374 GRS;ALBA DEL FONCE
ALBA DEL FONCE/BARRA/CLAVOS Y CANELAALBA DEL FONCE/BARRA/500 O MAS GRS;ALBA DEL FONCE
ALBA DEL FONCE/BARRA/SIN SABOR;ALBA DEL FONCE
ALBA DEL FONCE/BARRA/SIN SABORALBA DEL FONCE/BARRA/250 374 GRS;ALBA DEL FONCE
ALBA DEL FONCE/BARRA/SIN SABORALBA DEL FONCE/BARRA/500 O MAS GRS;ALBA DEL FONCE
ALBA DEL FONCE/BARRA/VAINILLA;ALBA DEL FONCE
ALBA DEL FONCE/BARRA/VAINILLAALBA DEL FONCE/BARRA/250 374 GRS;ALBA DEL FONCE
ALBA DEL FONCE/BARRA/VAINILLAALBA DEL FONCE/BARRA/500 O MAS GRS;ALBA DEL FONCE
ALGUSTO/BARRA/CLAVOS Y CANELA;ALGUSTO
ALGUSTO/BARRA/CLAVOS Y CANELAALGUSTO/BARRA/500 O MAS GRS;ALGUSTO
ALGUSTO/BARRA/SIN SABOR;ALGUSTO
ALGUSTO/BARRA/SIN SABORALGUSTO/BARRA/250 374 GRS;ALGUSTO
ALGUSTO/BARRA/SIN SABORALGUSTO/BARRA/500 O MAS GRS;ALGUSTO
ALGUSTO/BARRA/VAINILLA;ALGUSTO
ALGUSTO/BARRA/VAINILLAALGUSTO/BARRA/500 O MAS GRS;ALGUSTO
ALMIN/POLVO/SIN SABOR;ALMIN
ALMIN/POLVO/SIN SABORALMIN/POLVO/141 200 GRS;ALMIN
ANDINO/BARRA/CLAVOS Y CANELA;ANDINO
ANDINO/BARRA/CLAVOS Y CANELAANDINO/BARRA/500 O MAS GRS;ANDINO
ANDINO/BARRA/OTROS SABORES;ANDINO
ANDINO/BARRA/OTROS SABORESANDINO/BARRA/250 374 GRS;ANDINO
ANDINO/BARRA/OTROS SABORESANDINO/BARRA/500 O MAS GRS;ANDINO
ANDINO/BARRA/SIN SABOR;ANDINO
ANDINO/BARRA/SIN SABORANDINO/BARRA/250 374 GRS;ANDINO
ANDINO/BARRA/SIN SABORANDINO/BARRA/26 32 GRS;ANDINO
ANDINO/BARRA/SIN SABORANDINO/BARRA/33 125 GRS;ANDINO
ANDINO/BARRA/SIN SABORANDINO/BARRA/500 O MAS GRS;ANDINO
ARAUCANO/BARRA/SIN SABOR;ARAUCANO
ARAUCANO/BARRA/SIN SABORARAUCANO/BARRA/0 25 GRS;ARAUCANO
ARAUCANO/BARRA/SIN SABORARAUCANO/BARRA/250 374 GRS;ARAUCANO
ARAUCANO/BARRA/SIN SABORARAUCANO/BARRA/375 499 GRS;ARAUCANO
ARAUCANO/BARRA/SIN SABORARAUCANO/BARRA/500 O MAS GRS;ARAUCANO
ARROYAVE/BARRA/SIN SABOR;ARROYAVE
ARROYAVE/BARRA/SIN SABORARROYAVE/BARRA/500 O MAS GRS;ARROYAVE
AUTENTICO HUILENSE/BARRA/SIN SABOR;AUTENTICO HUILENSE
AUTENTICO HUILENSE/BARRA/SIN SABORAUTENTICO HUILENSE/BARRA/250 374 GRS;AUTENTICO HUILENSE
AUTENTICO HUILENSE/BARRA/SIN SABORAUTENTICO HUILENSE/BARRA/500 O MAS GRS;AUTENTICO HUILENSE
BLOCK/BARRA/SIN SABOR;BLOCK
BLOCK/BARRA/SIN SABORBLOCK/BARRA/126 249 GRS;BLOCK
BOLU/BARRA/OTROS SABORES;BOLU
BOLU/BARRA/OTROS SABORESBOLU/BARRA/0 25 GRS;BOLU
BOLU/BARRA/OTROS SABORESBOLU/BARRA/500 O MAS GRS;BOLU
BOLU/BARRA/SIN SABOR;BOLU
BOLU/BARRA/SIN SABORBOLU/BARRA/0 25 GRS;BOLU
BOLU/BARRA/SIN SABORBOLU/BARRA/250 374 GRS;BOLU
BON AMI/BARRA/SIN SABOR;BON AMI
BON AMI/BARRA/SIN SABORBON AMI/BARRA/250 374 GRS;BON AMI
BON AMI/BARRA/SIN SABORBON AMI/BARRA/500 O MAS GRS;BON AMI
BOYACENSE/BARRA/CLAVOS Y CANELA;BOYACENSE
BOYACENSE/BARRA/CLAVOS Y CANELABOYACENSE/BARRA/250 374 GRS;BOYACENSE
BOYACENSE/BARRA/CLAVOS Y CANELABOYACENSE/BARRA/500 O MAS GRS;BOYACENSE
BOYACENSE/BARRA/SIN SABOR;BOYACENSE
BOYACENSE/BARRA/SIN SABORBOYACENSE/BARRA/250 374 GRS;BOYACENSE
BOYACENSE/BARRA/SIN SABORBOYACENSE/BARRA/500 O MAS GRS;BOYACENSE
CACAO VITAL/POLVO/SIN SABOR;CACAO VITAL
CACAO VITAL/POLVO/SIN SABORCACAO VITAL/POLVO/141 200 GRS;CACAO VITAL
CACAOS/BARRA/SIN SABOR;CACAOS
CACAOS/BARRA/SIN SABORCACAOS/BARRA/500 O MAS GRS;CACAOS
CALENTANO/BARRA/CLAVOS Y CANELA;CALENTANO
CALENTANO/BARRA/CLAVOS Y CANELACALENTANO/BARRA/250 374 GRS;CALENTANO
CALENTANO/BARRA/CLAVOS Y CANELACALENTANO/BARRA/500 O MAS GRS;CALENTANO
CALENTANO/BARRA/OTROS SABORES;CALENTANO
CALENTANO/BARRA/OTROS SABORESCALENTANO/BARRA/250 374 GRS;CALENTANO
CALENTANO/BARRA/OTROS SABORESCALENTANO/BARRA/500 O MAS GRS;CALENTANO
CAMINOS REALES/BARRA/SIN SABOR;CAMINOS REALES
CAMINOS REALES/BARRA/SIN SABORCAMINOS REALES/BARRA/500 O MAS GRS;CAMINOS REALES
CARARE/BARRA/SIN SABOR;CARARE
CARARE/BARRA/SIN SABORCARARE/BARRA/250 374 GRS;CARARE
CASERITO/BARRA/SIN SABOR;CASERITO
CASERITO/BARRA/SIN SABORCASERITO/BARRA/126 249 GRS;CASERITO
CASERITO/BARRA/SIN SABORCASERITO/BARRA/500 O MAS GRS;CASERITO
CASERITO/BARRA/VAINILLA;CASERITO
CASERITO/BARRA/VAINILLACASERITO/BARRA/500 O MAS GRS;CASERITO
CHOCO ANDES/BARRA/SIN SABOR;CHOCO ANDES
CHOCO ANDES/BARRA/SIN SABORCHOCO ANDES/BARRA/33 125 GRS;CHOCO ANDES
CHOCO ARTESANO/BARRA/SIN SABOR;CHOCO ARTESANO
CHOCO ARTESANO/BARRA/SIN SABORCHOCO ARTESANO/BARRA/0 25 GRS;CHOCO ARTESANO
CHOCO ARTESANO/BARRA/SIN SABORCHOCO ARTESANO/BARRA/500 O MAS GRS;CHOCO ARTESANO
CHOCO DIA/BARRA/CLAVOS Y CANELA;CHOCO DIA
CHOCO DIA/BARRA/CLAVOS Y CANELACHOCO DIA/BARRA/500 O MAS GRS;CHOCO DIA
CHOCO DIA/BARRA/SIN SABOR;CHOCO DIA
CHOCO DIA/BARRA/SIN SABORCHOCO DIA/BARRA/250 374 GRS;CHOCO DIA
CHOCO DIA/BARRA/SIN SABORCHOCO DIA/BARRA/500 O MAS GRS;CHOCO DIA
CHOCO EXPRESS/POLVO/CLAVOS Y CANELA;CHOCO EXPRESS
CHOCO EXPRESS/POLVO/CLAVOS Y CANELACHOCO EXPRESS/POLVO/141 200 GRS;CHOCO EXPRESS
CHOCO EXPRESS/POLVO/CLAVOS Y CANELACHOCO EXPRESS/POLVO/201 260 GRS;CHOCO EXPRESS
CHOCO EXPRESS/POLVO/CLAVOS Y CANELACHOCO EXPRESS/POLVO/33 125 GRS;CHOCO EXPRESS
CHOCO EXPRESS/POLVO/SIN SABOR;CHOCO EXPRESS
CHOCO EXPRESS/POLVO/SIN SABORCHOCO EXPRESS/POLVO/0 25 GRS;CHOCO EXPRESS
CHOCO EXPRESS/POLVO/SIN SABORCHOCO EXPRESS/POLVO/141 200 GRS;CHOCO EXPRESS
CHOCO EXPRESS/POLVO/SIN SABORCHOCO EXPRESS/POLVO/201 260 GRS;CHOCO EXPRESS
CHOCO EXPRESS/POLVO/SIN SABORCHOCO EXPRESS/POLVO/33 125 GRS;CHOCO EXPRESS
CHOCO EXPRESS/POLVO/SIN SABORCHOCO EXPRESS/POLVO/401 O MAS GRS;CHOCO EXPRESS
CHOCO LATINO/BARRA/SIN SABOR;CHOCO LATINO
CHOCO LATINO/BARRA/SIN SABORCHOCO LATINO/BARRA/375 499 GRS;CHOCO LATINO
CHOCO LATINO/BARRA/SIN SABORCHOCO LATINO/BARRA/500 O MAS GRS;CHOCO LATINO
CHOCO LEYENDA/POLVO/SIN SABOR;CHOCO LEYENDA
CHOCO LEYENDA/POLVO/SIN SABORCHOCO LEYENDA/POLVO/141 200 GRS;CHOCO LEYENDA
CHOCO LIGHT/BARRA/SIN SABOR;CHOCO LIGHT
CHOCO LIGHT/BARRA/SIN SABORCHOCO LIGHT/BARRA/33 125 GRS;CHOCO LIGHT
CHOCO LYNE/BARRA/CLAVOS Y CANELA;CHOCO LYNE
CHOCO LYNE/BARRA/CLAVOS Y CANELACHOCO LYNE/BARRA/126 249 GRS;CHOCO LYNE
CHOCO LYNE/BARRA/CLAVOS Y CANELACHOCO LYNE/BARRA/33 125 GRS;CHOCO LYNE
CHOCO LYNE/BARRA/SIN SABOR;CHOCO LYNE
CHOCO LYNE/BARRA/SIN SABORCHOCO LYNE/BARRA/0 25 GRS;CHOCO LYNE
CHOCO LYNE/BARRA/SIN SABORCHOCO LYNE/BARRA/126 249 GRS;CHOCO LYNE
CHOCO LYNE/BARRA/SIN SABORCHOCO LYNE/BARRA/33 125 GRS;CHOCO LYNE
CHOCO LYNE/CAPSULA/SIN SABOR;CHOCO LYNE
CHOCO LYNE/CAPSULA/SIN SABORCHOCO LYNE/CAPSULA/0 25 GRS;CHOCO LYNE
CHOCO LYNE/POLVO/CLAVOS Y CANELA;CHOCO LYNE
CHOCO LYNE/POLVO/CLAVOS Y CANELACHOCO LYNE/POLVO/141 200 GRS;CHOCO LYNE
CHOCO LYNE/POLVO/CLAVOS Y CANELACHOCO LYNE/POLVO/33 125 GRS;CHOCO LYNE
CHOCO LYNE/POLVO/SIN SABOR;CHOCO LYNE
CHOCO LYNE/POLVO/SIN SABORCHOCO LYNE/POLVO/0 25 GRS;CHOCO LYNE
CHOCO LYNE/POLVO/SIN SABORCHOCO LYNE/POLVO/141 200 GRS;CHOCO LYNE
CHOCO LYNE/POLVO/SIN SABORCHOCO LYNE/POLVO/33 125 GRS;CHOCO LYNE
CHOCO LYNE/POLVO/SIN SABORCHOCO LYNE/POLVO/401 O MAS GRS;CHOCO LYNE
CHOCO MIO/BARRA/SIN SABOR;CHOCO MIO
CHOCO MIO/BARRA/SIN SABORCHOCO MIO/BARRA/500 O MAS GRS;CHOCO MIO
CHOCO REY/BARRA/SIN SABOR;CHOCO REY
CHOCO REY/BARRA/SIN SABORCHOCO REY/BARRA/33 125 GRS;CHOCO REY
CHOCO SOYA/POLVO/SIN SABOR;CHOCO SOYA
CHOCO SOYA/POLVO/SIN SABORCHOCO SOYA/POLVO/141 200 GRS;CHOCO SOYA
CHOCO VALLE/BARRA/LECHE;CHOCO VALLE
CHOCO VALLE/BARRA/LECHECHOCO VALLE/BARRA/33 125 GRS;CHOCO VALLE
CHOCO/BARRA/SIN SABOR;CHOCO
CHOCO/BARRA/SIN SABORCHOCO/BARRA/33 125 GRS;CHOCO
CHOCO/POLVO/SIN SABOR;CHOCO
CHOCO/POLVO/SIN SABORCHOCO/POLVO/141 200 GRS;CHOCO
CHOCODELI/POLVO/SIN SABOR;CHOCODELI
CHOCODELI/POLVO/SIN SABORCHOCODELI/POLVO/141 200 GRS;CHOCODELI
CHOCODELI/POLVO/SIN SABORCHOCODELI/POLVO/201 260 GRS;CHOCODELI
CHOCOFANTASTICO/POLVO/SIN SABOR;CHOCOFANTASTICO
CHOCOFANTASTICO/POLVO/SIN SABORCHOCOFANTASTICO/POLVO/33 125 GRS;CHOCOFANTASTICO
CHOCOLATADA/POLVO/CLAVOS Y CANELA;CHOCOLATADA
CHOCOLATADA/POLVO/CLAVOS Y CANELACHOCOLATADA/POLVO/301 400 GRS;CHOCOLATADA
CHOCOLATADA/POLVO/CLAVOS Y CANELACHOCOLATADA/POLVO/33 125 GRS;CHOCOLATADA
CHOCOLATADA/POLVO/SIN SABOR;CHOCOLATADA
CHOCOLATADA/POLVO/SIN SABORCHOCOLATADA/POLVO/301 400 GRS;CHOCOLATADA
CHOCOLATADA/POLVO/SIN SABORCHOCOLATADA/POLVO/33 125 GRS;CHOCOLATADA
CHOCOLATE NACIONAL/BARRA/SIN SABOR;CHOCOLATE NACIONAL
CHOCOLATE NACIONAL/BARRA/SIN SABORCHOCOLATE NACIONAL/BARRA/250 374 GRS;CHOCOLATE NACIONAL
CHOCOLATERO/BARRA/SIN SABOR;CHOCOLATERO
CHOCOLATERO/BARRA/SIN SABORCHOCOLATERO/BARRA/250 374 GRS;CHOCOLATERO
CHOCOLATERO/BARRA/SIN SABORCHOCOLATERO/BARRA/500 O MAS GRS;CHOCOLATERO
CHOCOSANT/BARRA/SIN SABOR;CHOCOSANT
CHOCOSANT/BARRA/SIN SABORCHOCOSANT/BARRA/250 374 GRS;CHOCOSANT
CHOCOTOL/BARRA/SIN SABOR;CHOCOTOL
CHOCOTOL/BARRA/SIN SABORCHOCOTOL/BARRA/201 260 GRS;CHOCOTOL
CHOCOTOL/BARRA/SIN SABORCHOCOTOL/BARRA/500 O MAS GRS;CHOCOTOL
CHUCULAT/BARRA/OTROS SABORES;CHUCULAT
CHUCULAT/BARRA/OTROS SABORESCHUCULAT/BARRA/33 125 GRS;CHUCULAT
CHUCULAT/BARRA/SIN SABOR;CHUCULAT
CHUCULAT/BARRA/SIN SABORCHUCULAT/BARRA/33 125 GRS;CHUCULAT
CHUCURENO/BARRA/CLAVOS Y CANELA;CHUCURENO
CHUCURENO/BARRA/CLAVOS Y CANELACHUCURENO/BARRA/250 374 GRS;CHUCURENO
CHUCURENO/BARRA/CLAVOS Y CANELACHUCURENO/BARRA/500 O MAS GRS;CHUCURENO
CHUCURENO/BARRA/SIN SABOR;CHUCURENO
CHUCURENO/BARRA/SIN SABORCHUCURENO/BARRA/0 25 GRS;CHUCURENO
CHUCURENO/BARRA/SIN SABORCHUCURENO/BARRA/250 374 GRS;CHUCURENO
CHUCURENO/BARRA/SIN SABORCHUCURENO/BARRA/33 125 GRS;CHUCURENO
CHUCURENO/BARRA/SIN SABORCHUCURENO/BARRA/500 O MAS GRS;CHUCURENO
CHUCURENO/BARRA/VAINILLA;CHUCURENO
CHUCURENO/BARRA/VAINILLACHUCURENO/BARRA/0 25 GRS;CHUCURENO
CHUCURENO/BARRA/VAINILLACHUCURENO/BARRA/250 374 GRS;CHUCURENO
CHUCURENO/BARRA/VAINILLACHUCURENO/BARRA/500 O MAS GRS;CHUCURENO
COLOMBINA/POLVO/SIN SABOR;COLOMBINA
COLOMBINA/POLVO/SIN SABORCOLOMBINA/POLVO/201 260 GRS;COLOMBINA
COLONIAL/BARRA/SIN SABOR;COLONIAL
COLONIAL/BARRA/SIN SABORCOLONIAL/BARRA/250 374 GRS;COLONIAL
COLONIAL/BARRA/SIN SABORCOLONIAL/BARRA/33 125 GRS;COLONIAL
COLONIAL/BARRA/SIN SABORCOLONIAL/BARRA/500 O MAS GRS;COLONIAL
COLONIAL/BARRA/VAINILLA;COLONIAL
COLONIAL/BARRA/VAINILLACOLONIAL/BARRA/250 374 GRS;COLONIAL
COLONIAL/BARRA/VAINILLACOLONIAL/BARRA/33 125 GRS;COLONIAL
COLONIAL/BARRA/VAINILLACOLONIAL/BARRA/500 O MAS GRS;COLONIAL
COLOSAL/BARRA/CLAVOS Y CANELA;COLOSAL
COLOSAL/BARRA/CLAVOS Y CANELACOLOSAL/BARRA/250 374 GRS;COLOSAL
COLOSAL/BARRA/CLAVOS Y CANELACOLOSAL/BARRA/500 O MAS GRS;COLOSAL
COLOSAL/BARRA/QUESO;COLOSAL
COLOSAL/BARRA/QUESOCOLOSAL/BARRA/500 O MAS GRS;COLOSAL
COLOSAL/BARRA/SIN SABOR;COLOSAL
COLOSAL/BARRA/SIN SABORCOLOSAL/BARRA/0 25 GRS;COLOSAL
COLOSAL/BARRA/SIN SABORCOLOSAL/BARRA/250 374 GRS;COLOSAL
COLOSAL/BARRA/SIN SABORCOLOSAL/BARRA/26 32 GRS;COLOSAL
COLOSAL/BARRA/SIN SABORCOLOSAL/BARRA/500 O MAS GRS;COLOSAL
COLOSAL/BARRA/VAINILLA;COLOSAL
COLOSAL/BARRA/VAINILLACOLOSAL/BARRA/250 374 GRS;COLOSAL
COLOSAL/BARRA/VAINILLACOLOSAL/BARRA/500 O MAS GRS;COLOSAL
CORDOBES/POLVO/OTROS SABORES;CORDOBES
CORDOBES/POLVO/OTROS SABORESCORDOBES/POLVO/33 125 GRS;CORDOBES
CORDOBES/POLVO/SIN SABOR;CORDOBES
CORDOBES/POLVO/SIN SABORCORDOBES/POLVO/33 125 GRS;CORDOBES
CORONA/BARRA/AVELLANA;CORONA
CORONA/BARRA/AVELLANACORONA/BARRA/500 O MAS GRS;CORONA
CORONA/BARRA/CLAVOS Y CANELA;CORONA
CORONA/BARRA/CLAVOS Y CANELACORONA/BARRA/0 25 GRS;CORONA
CORONA/BARRA/CLAVOS Y CANELACORONA/BARRA/250 374 GRS;CORONA
CORONA/BARRA/CLAVOS Y CANELACORONA/BARRA/26 32 GRS;CORONA
CORONA/BARRA/CLAVOS Y CANELACORONA/BARRA/500 O MAS GRS;CORONA
CORONA/BARRA/OTROS SABORES;CORONA
CORONA/BARRA/OTROS SABORESCORONA/BARRA/0 25 GRS;CORONA
CORONA/BARRA/OTROS SABORESCORONA/BARRA/250 374 GRS;CORONA
CORONA/BARRA/OTROS SABORESCORONA/BARRA/500 O MAS GRS;CORONA
CORONA/BARRA/SIN SABOR;CORONA
CORONA/BARRA/SIN SABORCORONA/BARRA/0 25 GRS;CORONA
CORONA/BARRA/SIN SABORCORONA/BARRA/126 249 GRS;CORONA
CORONA/BARRA/SIN SABORCORONA/BARRA/250 374 GRS;CORONA
CORONA/BARRA/SIN SABORCORONA/BARRA/26 32 GRS;CORONA
CORONA/BARRA/SIN SABORCORONA/BARRA/33 125 GRS;CORONA
CORONA/BARRA/SIN SABORCORONA/BARRA/375 499 GRS;CORONA
CORONA/BARRA/SIN SABORCORONA/BARRA/500 O MAS GRS;CORONA
CORONA/BARRA/VAINILLA;CORONA
CORONA/BARRA/VAINILLACORONA/BARRA/0 25 GRS;CORONA
CORONA/BARRA/VAINILLACORONA/BARRA/250 374 GRS;CORONA
CORONA/BARRA/VAINILLACORONA/BARRA/500 O MAS GRS;CORONA
CORONA/CAPSULA/SIN SABOR;CORONA
CORONA/CAPSULA/SIN SABORCORONA/CAPSULA/126 140 GRS;CORONA
CORONA/POLVO/SIN SABOR;CORONA
CORONA/POLVO/SIN SABORCORONA/POLVO/126 249 GRS;CORONA
CORONA/POLVO/SIN SABORCORONA/POLVO/141 200 GRS;CORONA
CORONA/POLVO/SIN SABORCORONA/POLVO/201 260 GRS;CORONA
CORONA/POLVO/SIN SABORCORONA/POLVO/33 125 GRS;CORONA
CORONA/POLVO/SIN SABORCORONA/POLVO/401 O MAS GRS;CORONA
CRUZ/BARRA/CLAVOS Y CANELA;CRUZ
CRUZ/BARRA/CLAVOS Y CANELACRUZ/BARRA/0 25 GRS;CRUZ
CRUZ/BARRA/CLAVOS Y CANELACRUZ/BARRA/33 125 GRS;CRUZ
CRUZ/BARRA/SIN SABOR;CRUZ
CRUZ/BARRA/SIN SABORCRUZ/BARRA/0 25 GRS;CRUZ
CRUZ/BARRA/SIN SABORCRUZ/BARRA/126 249 GRS;CRUZ
CRUZ/BARRA/SIN SABORCRUZ/BARRA/250 374 GRS;CRUZ
CRUZ/BARRA/SIN SABORCRUZ/BARRA/33 125 GRS;CRUZ
D CHUCURI/BARRA/SIN SABOR;D CHUCURI
D CHUCURI/BARRA/SIN SABORD CHUCURI/BARRA/250 374 GRS;D CHUCURI
D CHUCURI/BARRA/VAINILLA;D CHUCURI
D CHUCURI/BARRA/VAINILLAD CHUCURI/BARRA/500 O MAS GRS;D CHUCURI
DAVIDA/POLVO/SIN SABOR;DAVIDA
DAVIDA/POLVO/SIN SABORDAVIDA/POLVO/141 200 GRS;DAVIDA
DE LA ABUELA/BARRA/CLAVOS Y CANELA;DE LA ABUELA
DE LA ABUELA/BARRA/CLAVOS Y CANELADE LA ABUELA/BARRA/250 374 GRS;DE LA ABUELA
DEL ALTIPLANO/BARRA/CLAVOS Y CANELA;DEL ALTIPLANO
DEL ALTIPLANO/BARRA/CLAVOS Y CANELADEL ALTIPLANO/BARRA/500 O MAS GRS;DEL ALTIPLANO
DEL ALTIPLANO/BARRA/SIN SABOR;DEL ALTIPLANO
DEL ALTIPLANO/BARRA/SIN SABORDEL ALTIPLANO/BARRA/250 374 GRS;DEL ALTIPLANO
DEL ALTIPLANO/BARRA/SIN SABORDEL ALTIPLANO/BARRA/500 O MAS GRS;DEL ALTIPLANO
DEL ORIENTE/BARRA/CLAVOS Y CANELA;DEL ORIENTE
DEL ORIENTE/BARRA/CLAVOS Y CANELADEL ORIENTE/BARRA/500 O MAS GRS;DEL ORIENTE
DEL ORIENTE/BARRA/SIN SABOR;DEL ORIENTE
DEL ORIENTE/BARRA/SIN SABORDEL ORIENTE/BARRA/500 O MAS GRS;DEL ORIENTE
DEL ORIENTE/BARRA/VAINILLA;DEL ORIENTE
DEL ORIENTE/BARRA/VAINILLADEL ORIENTE/BARRA/500 O MAS GRS;DEL ORIENTE
DIAMANTE/BARRA/SIN SABOR;DIAMANTE
DIAMANTE/BARRA/SIN SABORDIAMANTE/BARRA/250 374 GRS;DIAMANTE
DIAMANTE/BARRA/SIN SABORDIAMANTE/BARRA/33 125 GRS;DIAMANTE
DIAMANTE/BARRA/SIN SABORDIAMANTE/BARRA/500 O MAS GRS;DIAMANTE
DIANA/BARRA/CLAVOS Y CANELA;DIANA
DIANA/BARRA/CLAVOS Y CANELADIANA/BARRA/0 25 GRS;DIANA
DIANA/BARRA/CLAVOS Y CANELADIANA/BARRA/250 374 GRS;DIANA
DIANA/BARRA/CLAVOS Y CANELADIANA/BARRA/26 32 GRS;DIANA
DIANA/BARRA/CLAVOS Y CANELADIANA/BARRA/500 O MAS GRS;DIANA
DIANA/BARRA/SIN SABOR;DIANA
DIANA/BARRA/SIN SABORDIANA/BARRA/500 O MAS GRS;DIANA
DIMAR/BARRA/SIN SABOR;DIMAR
DIMAR/BARRA/SIN SABORDIMAR/BARRA/26 32 GRS;DIMAR
DIMAR/BARRA/SIN SABORDIMAR/BARRA/500 O MAS GRS;DIMAR
DOLCE GUSTO/CAPSULA/SIN SABOR;DOLCE GUSTO
DOLCE GUSTO/CAPSULA/SIN SABORDOLCE GUSTO/CAPSULA/201 260 GRS;DOLCE GUSTO
DOLCE GUSTO/CAPSULA/SIN SABORDOLCE GUSTO/CAPSULA/261 300 GRS;DOLCE GUSTO
DON RAFA/BARRA/SIN SABOR;DON RAFA
DON RAFA/BARRA/SIN SABORDON RAFA/BARRA/250 374 GRS;DON RAFA
DON RAFA/BARRA/SIN SABORDON RAFA/BARRA/500 O MAS GRS;DON RAFA
DON SABROSO/BARRA/SIN SABOR;DON SABROSO
DON SABROSO/BARRA/SIN SABORDON SABROSO/BARRA/500 O MAS GRS;DON SABROSO
DON VICENTE/BARRA/SIN SABOR;DON VICENTE
DON VICENTE/BARRA/SIN SABORDON VICENTE/BARRA/250 374 GRS;DON VICENTE
DON VICENTE/BARRA/SIN SABORDON VICENTE/BARRA/500 O MAS GRS;DON VICENTE
DOTCHI/BARRA/SIN SABOR;DOTCHI
DOTCHI/BARRA/SIN SABORDOTCHI/BARRA/500 O MAS GRS;DOTCHI
EL AMIGASO/BARRA/SIN SABOR;EL AMIGASO
EL AMIGASO/BARRA/SIN SABOREL AMIGASO/BARRA/500 O MAS GRS;EL AMIGASO
EL AMIGO/BARRA/SIN SABOR;EL AMIGO
EL AMIGO/BARRA/SIN SABOREL AMIGO/BARRA/500 O MAS GRS;EL AMIGO
EL ARRIERO/BARRA/SIN SABOR;EL ARRIERO
EL ARRIERO/BARRA/SIN SABOREL ARRIERO/BARRA/250 374 GRS;EL ARRIERO
EL ARRIERO/BARRA/SIN SABOREL ARRIERO/BARRA/500 O MAS GRS;EL ARRIERO
EL ARRIERO/BARRA/VAINILLA;EL ARRIERO
EL ARRIERO/BARRA/VAINILLAEL ARRIERO/BARRA/250 374 GRS;EL ARRIERO
EL BARCINO/BARRA/SIN SABOR;EL BARCINO
EL BARCINO/BARRA/SIN SABOREL BARCINO/BARRA/0 25 GRS;EL BARCINO
EL CAQUECENO/BARRA/SIN SABOR;EL CAQUECENO
EL CAQUECENO/BARRA/SIN SABOREL CAQUECENO/BARRA/500 O MAS GRS;EL CAQUECENO
EL CHISPAZO/BARRA/CLAVOS Y CANELA;EL CHISPAZO
EL CHISPAZO/BARRA/CLAVOS Y CANELAEL CHISPAZO/BARRA/500 O MAS GRS;EL CHISPAZO
EL CHISPAZO/BARRA/SIN SABOR;EL CHISPAZO
EL CHISPAZO/BARRA/SIN SABOREL CHISPAZO/BARRA/500 O MAS GRS;EL CHISPAZO
EL CHISPAZO/BARRA/VAINILLA;EL CHISPAZO
EL CHISPAZO/BARRA/VAINILLAEL CHISPAZO/BARRA/500 O MAS GRS;EL CHISPAZO
EL CHOCOLATERO/BARRA/SIN SABOR;EL CHOCOLATERO
EL CHOCOLATERO/BARRA/SIN SABOREL CHOCOLATERO/BARRA/250 374 GRS;EL CHOCOLATERO
EL CHOCOLATERO/BARRA/SIN SABOREL CHOCOLATERO/BARRA/500 O MAS GRS;EL CHOCOLATERO
EL CUCUTENO/BARRA/SIN SABOR;EL CUCUTENO
EL CUCUTENO/BARRA/SIN SABOREL CUCUTENO/BARRA/250 374 GRS;EL CUCUTENO
EL CUCUTENO/BARRA/SIN SABOREL CUCUTENO/BARRA/500 O MAS GRS;EL CUCUTENO
EL ESPANOL/BARRA/SIN SABOR;EL ESPANOL
EL ESPANOL/BARRA/SIN SABOREL ESPANOL/BARRA/250 374 GRS;EL ESPANOL
EL ESPANOL/BARRA/SIN SABOREL ESPANOL/BARRA/500 O MAS GRS;EL ESPANOL
EL REY DE REYES/BARRA/SIN SABOR;EL REY DE REYES
EL REY DE REYES/BARRA/SIN SABOREL REY DE REYES/BARRA/500 O MAS GRS;EL REY DE REYES
EL ROCIO/BARRA/SIN SABOR;EL ROCIO
EL ROCIO/BARRA/SIN SABOREL ROCIO/BARRA/250 374 GRS;EL ROCIO
ESTRELLA/BARRA/SIN SABOR;ESTRELLA
ESTRELLA/BARRA/SIN SABORESTRELLA/BARRA/250 374 GRS;ESTRELLA
ESTRELLA/BARRA/SIN SABORESTRELLA/BARRA/500 O MAS GRS;ESTRELLA
EVOK/POLVO/SIN SABOR;EVOK
EVOK/POLVO/SIN SABOREVOK/POLVO/33 125 GRS;EVOK
FLOR DEL HUILA/BARRA/SIN SABOR;FLOR DEL HUILA
FLOR DEL HUILA/BARRA/SIN SABORFLOR DEL HUILA/BARRA/126 249 GRS;FLOR DEL HUILA
FLOR DEL HUILA/BARRA/SIN SABORFLOR DEL HUILA/BARRA/375 499 GRS;FLOR DEL HUILA
GALAVIS/BARRA/SIN SABOR;GALAVIS
GALAVIS/BARRA/SIN SABORGALAVIS/BARRA/250 374 GRS;GALAVIS
GALAVIS/BARRA/SIN SABORGALAVIS/BARRA/33 125 GRS;GALAVIS
GALAVIS/BARRA/SIN SABORGALAVIS/BARRA/500 O MAS GRS;GALAVIS
GEDEON/BARRA/CLAVOS Y CANELA;GEDEON
GEDEON/BARRA/CLAVOS Y CANELAGEDEON/BARRA/250 374 GRS;GEDEON
GEDEON/BARRA/SIN SABOR;GEDEON
GEDEON/BARRA/SIN SABORGEDEON/BARRA/250 374 GRS;GEDEON
GEDEON/BARRA/SIN SABORGEDEON/BARRA/500 O MAS GRS;GEDEON
GEDEON/BARRA/VAINILLA;GEDEON
GEDEON/BARRA/VAINILLAGEDEON/BARRA/250 374 GRS;GEDEON
GEDEON/BARRA/VAINILLAGEDEON/BARRA/500 O MAS GRS;GEDEON
GIRONES/BARRA/CLAVOS Y CANELA;GIRONES
GIRONES/BARRA/CLAVOS Y CANELAGIRONES/BARRA/0 25 GRS;GIRONES
GIRONES/BARRA/CLAVOS Y CANELAGIRONES/BARRA/250 374 GRS;GIRONES
GIRONES/BARRA/CLAVOS Y CANELAGIRONES/BARRA/26 32 GRS;GIRONES
GIRONES/BARRA/CLAVOS Y CANELAGIRONES/BARRA/33 125 GRS;GIRONES
GIRONES/BARRA/CLAVOS Y CANELAGIRONES/BARRA/500 O MAS GRS;GIRONES
GIRONES/BARRA/SIN SABOR;GIRONES
GIRONES/BARRA/SIN SABORGIRONES/BARRA/0 25 GRS;GIRONES
GIRONES/BARRA/SIN SABORGIRONES/BARRA/250 374 GRS;GIRONES
GIRONES/BARRA/SIN SABORGIRONES/BARRA/26 32 GRS;GIRONES
GIRONES/BARRA/SIN SABORGIRONES/BARRA/33 125 GRS;GIRONES
GIRONES/BARRA/SIN SABORGIRONES/BARRA/500 O MAS GRS;GIRONES
GIRONES/BARRA/VAINILLA;GIRONES
GIRONES/BARRA/VAINILLAGIRONES/BARRA/0 25 GRS;GIRONES
GIRONES/BARRA/VAINILLAGIRONES/BARRA/250 374 GRS;GIRONES
GIRONES/BARRA/VAINILLAGIRONES/BARRA/26 32 GRS;GIRONES
GIRONES/BARRA/VAINILLAGIRONES/BARRA/500 O MAS GRS;GIRONES
GIRONES/POLVO/SIN SABOR;GIRONES
GIRONES/POLVO/SIN SABORGIRONES/POLVO/141 200 GRS;GIRONES
GIRONES/POLVO/SIN SABORGIRONES/POLVO/33 125 GRS;GIRONES
GRAN TOLIMA/BARRA/SIN SABOR;GRAN TOLIMA
GRAN TOLIMA/BARRA/SIN SABORGRAN TOLIMA/BARRA/126 249 GRS;GRAN TOLIMA
GRAN TOLIMA/BARRA/SIN SABORGRAN TOLIMA/BARRA/375 499 GRS;GRAN TOLIMA
GRANADOS/BARRA/CLAVOS Y CANELA;GRANADOS
GRANADOS/BARRA/CLAVOS Y CANELAGRANADOS/BARRA/201 260 GRS;GRANADOS
GRANADOS/BARRA/CLAVOS Y CANELAGRANADOS/BARRA/500 O MAS GRS;GRANADOS
GRANADOS/BARRA/SIN SABOR;GRANADOS
GRANADOS/BARRA/SIN SABORGRANADOS/BARRA/201 260 GRS;GRANADOS
GRANADOS/BARRA/SIN SABORGRANADOS/BARRA/500 O MAS GRS;GRANADOS
GRANADOS/BARRA/VAINILLA;GRANADOS
GRANADOS/BARRA/VAINILLAGRANADOS/BARRA/201 260 GRS;GRANADOS
GRANADOS/BARRA/VAINILLAGRANADOS/BARRA/500 O MAS GRS;GRANADOS
GRANDIOSO/BARRA/SIN SABOR;GRANDIOSO
GRANDIOSO/BARRA/SIN SABORGRANDIOSO/BARRA/26 32 GRS;GRANDIOSO
GRANOS DEL ORIENTE/BARRA/CLAVOS Y CANELA;GRANOS DEL ORIENTE
GRANOS DEL ORIENTE/BARRA/CLAVOS Y CANELAGRANOS DEL ORIENTE/BARRA/500 O MAS GRS;GRANOS DEL ORIENTE
GRANOS DEL ORIENTE/BARRA/SIN SABOR;GRANOS DEL ORIENTE
GRANOS DEL ORIENTE/BARRA/SIN SABORGRANOS DEL ORIENTE/BARRA/500 O MAS GRS;GRANOS DEL ORIENTE
GRANOS DEL ORIENTE/BARRA/VAINILLA;GRANOS DEL ORIENTE
GRANOS DEL ORIENTE/BARRA/VAINILLAGRANOS DEL ORIENTE/BARRA/500 O MAS GRS;GRANOS DEL ORIENTE
HERSHEY S/POLVO/SIN SABOR;HERSHEY S
HERSHEY S/POLVO/SIN SABORHERSHEY S/POLVO/201 260 GRS;HERSHEY S
HERSHEY S/POLVO/SIN SABORHERSHEY S/POLVO/401 O MAS GRS;HERSHEY S
IBAGUERENA/BARRA/SIN SABOR;IBAGUERENA
IBAGUERENA/BARRA/SIN SABORIBAGUERENA/BARRA/250 374 GRS;IBAGUERENA
ITALO/POLVO/SIN SABOR;ITALO
ITALO/POLVO/SIN SABORITALO/POLVO/141 200 GRS;ITALO
JUAN CHOCONAT/POLVO/CLAVOS Y CANELA;JUAN CHOCONAT
JUAN CHOCONAT/POLVO/CLAVOS Y CANELAJUAN CHOCONAT/POLVO/401 O MAS GRS;JUAN CHOCONAT
JUAN CHOCONAT/POLVO/SIN SABOR;JUAN CHOCONAT
JUAN CHOCONAT/POLVO/SIN SABORJUAN CHOCONAT/POLVO/261 300 GRS;JUAN CHOCONAT
KAPUA/BARRA/SIN SABOR;KAPUA
KAPUA/BARRA/SIN SABORKAPUA/BARRA/250 374 GRS;KAPUA
KAVID/BARRA/CLAVOS Y CANELA;KAVID
KAVID/BARRA/CLAVOS Y CANELAKAVID/BARRA/250 374 GRS;KAVID
KAVID/BARRA/CLAVOS Y CANELAKAVID/BARRA/500 O MAS GRS;KAVID
KAVID/BARRA/LECHE;KAVID
KAVID/BARRA/LECHEKAVID/BARRA/500 O MAS GRS;KAVID
KAVID/BARRA/SIN SABOR;KAVID
KAVID/BARRA/SIN SABORKAVID/BARRA/250 374 GRS;KAVID
KAVID/BARRA/SIN SABORKAVID/BARRA/26 32 GRS;KAVID
KAVID/BARRA/SIN SABORKAVID/BARRA/500 O MAS GRS;KAVID
KAVID/BARRA/VAINILLA;KAVID
KAVID/BARRA/VAINILLAKAVID/BARRA/250 374 GRS;KAVID
KAVID/BARRA/VAINILLAKAVID/BARRA/500 O MAS GRS;KAVID
KHEKAINA/BARRA/SIN SABOR;KHEKAINA
KHEKAINA/BARRA/SIN SABORKHEKAINA/BARRA/126 249 GRS;KHEKAINA
LA ABUELA/BARRA/SIN SABOR;LA ABUELA
LA ABUELA/BARRA/SIN SABORLA ABUELA/BARRA/126 249 GRS;LA ABUELA
LA ABUELA/BARRA/SIN SABORLA ABUELA/BARRA/375 499 GRS;LA ABUELA
LA ANTIGUA/BARRA/SIN SABOR;LA ANTIGUA
LA ANTIGUA/BARRA/SIN SABORLA ANTIGUA/BARRA/250 374 GRS;LA ANTIGUA
LA ANTIGUA/BARRA/SIN SABORLA ANTIGUA/BARRA/500 O MAS GRS;LA ANTIGUA
LA ANTIGUA/POLVO/SIN SABOR;LA ANTIGUA
LA ANTIGUA/POLVO/SIN SABORLA ANTIGUA/POLVO/201 260 GRS;LA ANTIGUA
LA ANTIGUA/POLVO/SIN SABORLA ANTIGUA/POLVO/401 O MAS GRS;LA ANTIGUA
LA BODEGUITA/BARRA/CLAVOS Y CANELA;LA BODEGUITA
LA BODEGUITA/BARRA/CLAVOS Y CANELALA BODEGUITA/BARRA/500 O MAS GRS;LA BODEGUITA
LA BODEGUITA/BARRA/SIN SABOR;LA BODEGUITA
LA BODEGUITA/BARRA/SIN SABORLA BODEGUITA/BARRA/250 374 GRS;LA BODEGUITA
LA BODEGUITA/BARRA/SIN SABORLA BODEGUITA/BARRA/26 32 GRS;LA BODEGUITA
LA BODEGUITA/BARRA/SIN SABORLA BODEGUITA/BARRA/500 O MAS GRS;LA BODEGUITA
LA BODEGUITA/BARRA/VAINILLA;LA BODEGUITA
LA BODEGUITA/BARRA/VAINILLALA BODEGUITA/BARRA/500 O MAS GRS;LA BODEGUITA
LA BOLITA/BARRA/CLAVOS Y CANELA;LA BOLITA
LA BOLITA/BARRA/CLAVOS Y CANELALA BOLITA/BARRA/126 249 GRS;LA BOLITA
LA BOLITA/BARRA/CLAVOS Y CANELALA BOLITA/BARRA/375 499 GRS;LA BOLITA
LA BOLITA/BARRA/SIN SABOR;LA BOLITA
LA BOLITA/BARRA/SIN SABORLA BOLITA/BARRA/126 249 GRS;LA BOLITA
LA CAMPESINA/BARRA/SIN SABOR;LA CAMPESINA
LA CAMPESINA/BARRA/SIN SABORLA CAMPESINA/BARRA/500 O MAS GRS;LA CAMPESINA
LA ESPECIAL/BARRA/CLAVOS Y CANELA;LA ESPECIAL
LA ESPECIAL/BARRA/CLAVOS Y CANELALA ESPECIAL/BARRA/0 25 GRS;LA ESPECIAL
LA ESPECIAL/BARRA/CLAVOS Y CANELALA ESPECIAL/BARRA/250 374 GRS;LA ESPECIAL
LA ESPECIAL/BARRA/CLAVOS Y CANELALA ESPECIAL/BARRA/500 O MAS GRS;LA ESPECIAL
LA ESPECIAL/BARRA/SIN SABOR;LA ESPECIAL
LA ESPECIAL/BARRA/SIN SABORLA ESPECIAL/BARRA/0 25 GRS;LA ESPECIAL
LA ESPECIAL/BARRA/SIN SABORLA ESPECIAL/BARRA/250 374 GRS;LA ESPECIAL
LA ESPECIAL/BARRA/SIN SABORLA ESPECIAL/BARRA/26 32 GRS;LA ESPECIAL
LA ESPECIAL/BARRA/SIN SABORLA ESPECIAL/BARRA/500 O MAS GRS;LA ESPECIAL
LA ESPECIAL/BARRA/VAINILLA;LA ESPECIAL
LA ESPECIAL/BARRA/VAINILLALA ESPECIAL/BARRA/0 25 GRS;LA ESPECIAL
LA ESPECIAL/BARRA/VAINILLALA ESPECIAL/BARRA/250 374 GRS;LA ESPECIAL
LA ESPECIAL/BARRA/VAINILLALA ESPECIAL/BARRA/500 O MAS GRS;LA ESPECIAL
LA ESTRELLA/BARRA/SIN SABOR;LA ESTRELLA
LA ESTRELLA/BARRA/SIN SABORLA ESTRELLA/BARRA/250 374 GRS;LA ESTRELLA
LA FORTALEZA/BARRA/SIN SABOR;LA FORTALEZA
LA FORTALEZA/BARRA/SIN SABORLA FORTALEZA/BARRA/250 374 GRS;LA FORTALEZA
LA H DORADA/BARRA/CLAVOS Y CANELA;LA H DORADA
LA H DORADA/BARRA/CLAVOS Y CANELALA H DORADA/BARRA/500 O MAS GRS;LA H DORADA
LA H DORADA/BARRA/SIN SABOR;LA H DORADA
LA H DORADA/BARRA/SIN SABORLA H DORADA/BARRA/500 O MAS GRS;LA H DORADA
LA H DORADA/BARRA/VAINILLA;LA H DORADA
LA H DORADA/BARRA/VAINILLALA H DORADA/BARRA/500 O MAS GRS;LA H DORADA
LA INDIA/BARRA/SIN SABOR;LA INDIA
LA INDIA/BARRA/SIN SABORLA INDIA/BARRA/33 125 GRS;LA INDIA
LA MALAGUENA/BARRA/CLAVOS Y CANELA;LA MALAGUENA
LA MALAGUENA/BARRA/CLAVOS Y CANELALA MALAGUENA/BARRA/500 O MAS GRS;LA MALAGUENA
LA MALAGUENA/BARRA/SIN SABOR;LA MALAGUENA
LA MALAGUENA/BARRA/SIN SABORLA MALAGUENA/BARRA/500 O MAS GRS;LA MALAGUENA
LA MALAGUENA/BARRA/VAINILLA;LA MALAGUENA
LA MALAGUENA/BARRA/VAINILLALA MALAGUENA/BARRA/500 O MAS GRS;LA MALAGUENA
LA MIRANDA/BARRA/SIN SABOR;LA MIRANDA
LA MIRANDA/BARRA/SIN SABORLA MIRANDA/BARRA/250 374 GRS;LA MIRANDA
LA MIRANDA/BARRA/SIN SABORLA MIRANDA/BARRA/500 O MAS GRS;LA MIRANDA
LA PERLA/BARRA/SIN SABOR;LA PERLA
LA PERLA/BARRA/SIN SABORLA PERLA/BARRA/500 O MAS GRS;LA PERLA
LEYENDA/POLVO/SIN SABOR;LEYENDA
LEYENDA/POLVO/SIN SABORLEYENDA/POLVO/141 200 GRS;LEYENDA
LIDER/BARRA/CLAVOS Y CANELA;LIDER
LIDER/BARRA/CLAVOS Y CANELALIDER/BARRA/250 374 GRS;LIDER
LIDER/BARRA/CLAVOS Y CANELALIDER/BARRA/33 125 GRS;LIDER
LIDER/BARRA/SIN SABOR;LIDER
LIDER/BARRA/SIN SABORLIDER/BARRA/0 25 GRS;LIDER
LOK/POLVO/SIN SABOR;LOK
LOK/POLVO/SIN SABORLOK/POLVO/141 200 GRS;LOK
LOS CAMBULOS/BARRA/SIN SABOR;LOS CAMBULOS
LOS CAMBULOS/BARRA/SIN SABORLOS CAMBULOS/BARRA/500 O MAS GRS;LOS CAMBULOS
LUKER/BARRA/CLAVOS Y CANELA;LUKER
LUKER/BARRA/CLAVOS Y CANELALUKER/BARRA/0 25 GRS;LUKER
LUKER/BARRA/CLAVOS Y CANELALUKER/BARRA/126 249 GRS;LUKER
LUKER/BARRA/CLAVOS Y CANELALUKER/BARRA/250 374 GRS;LUKER
LUKER/BARRA/CLAVOS Y CANELALUKER/BARRA/33 125 GRS;LUKER
LUKER/BARRA/CLAVOS Y CANELALUKER/BARRA/500 O MAS GRS;LUKER
LUKER/BARRA/SIN SABOR;LUKER
LUKER/BARRA/SIN SABORLUKER/BARRA/0 124 GRS;LUKER
LUKER/BARRA/SIN SABORLUKER/BARRA/0 25 GRS;LUKER
LUKER/BARRA/SIN SABORLUKER/BARRA/126 249 GRS;LUKER
LUKER/BARRA/SIN SABORLUKER/BARRA/250 374 GRS;LUKER
LUKER/BARRA/SIN SABORLUKER/BARRA/33 125 GRS;LUKER
LUKER/BARRA/SIN SABORLUKER/BARRA/500 O MAS GRS;LUKER
LUKER/POLVO/CLAVOS Y CANELA;LUKER
LUKER/POLVO/CLAVOS Y CANELALUKER/POLVO/141 200 GRS;LUKER
LUKER/POLVO/CLAVOS Y CANELALUKER/POLVO/201 260 GRS;LUKER
LUKER/POLVO/CLAVOS Y CANELALUKER/POLVO/33 125 GRS;LUKER
LUKER/POLVO/SIN SABOR;LUKER
LUKER/POLVO/SIN SABORLUKER/POLVO/0 25 GRS;LUKER
LUKER/POLVO/SIN SABORLUKER/POLVO/141 200 GRS;LUKER
LUKER/POLVO/SIN SABORLUKER/POLVO/201 260 GRS;LUKER
LUKER/POLVO/SIN SABORLUKER/POLVO/33 125 GRS;LUKER
LUKER/POLVO/SIN SABORLUKER/POLVO/401 O MAS GRS;LUKER
MADRIGAL/BARRA/SIN SABOR;MADRIGAL
MADRIGAL/BARRA/SIN SABORMADRIGAL/BARRA/250 374 GRS;MADRIGAL
MALAGUENO/BARRA/CLAVOS Y CANELA;MALAGUENO
MALAGUENO/BARRA/CLAVOS Y CANELAMALAGUENO/BARRA/500 O MAS GRS;MALAGUENO
MALAGUENO/BARRA/SIN SABOR;MALAGUENO
MALAGUENO/BARRA/SIN SABORMALAGUENO/BARRA/500 O MAS GRS;MALAGUENO
MANA/BARRA/LECHE;MANA
MANA/BARRA/LECHEMANA/BARRA/250 374 GRS;MANA
MANA/BARRA/LECHEMANA/BARRA/33 125 GRS;MANA
MANAJAI/BARRA/CLAVOS Y CANELA;MANAJAI
MANAJAI/BARRA/CLAVOS Y CANELAMANAJAI/BARRA/250 374 GRS;MANAJAI
MANAJAI/BARRA/CLAVOS Y CANELAMANAJAI/BARRA/33 125 GRS;MANAJAI
MAXI CLAVOS CANELA/BARRA/CLAVOS Y CANELA;MAXI CLAVOS CANELA
MAXI CLAVOS CANELA/BARRA/CLAVOS Y CANELAMAXI CLAVOS CANELA/BARRA/250 374 GRS;MAXI CLAVOS CANELA
MAXI CLAVOS CANELA/BARRA/CLAVOS Y CANELAMAXI CLAVOS CANELA/BARRA/500 O MAS GRS;MAXI CLAVOS CANELA
MAXI TRADICIONAL/BARRA/SIN SABOR;MAXI TRADICIONAL
MAXI TRADICIONAL/BARRA/SIN SABORMAXI TRADICIONAL/BARRA/250 374 GRS;MAXI TRADICIONAL
MAXI TRADICIONAL/BARRA/SIN SABORMAXI TRADICIONAL/BARRA/500 O MAS GRS;MAXI TRADICIONAL
MERCACENTRO/BARRA/CLAVOS Y CANELA;MERCACENTRO
MERCACENTRO/BARRA/CLAVOS Y CANELAMERCACENTRO/BARRA/250 374 GRS;MERCACENTRO
MI PAIS/BARRA/CLAVOS Y CANELA;MI PAIS
MI PAIS/BARRA/CLAVOS Y CANELAMI PAIS/BARRA/250 374 GRS;MI PAIS
MI PAIS/BARRA/CLAVOS Y CANELAMI PAIS/BARRA/500 O MAS GRS;MI PAIS
MI PAIS/BARRA/SIN SABOR;MI PAIS
MI PAIS/BARRA/SIN SABORMI PAIS/BARRA/250 374 GRS;MI PAIS
MI PAIS/BARRA/SIN SABORMI PAIS/BARRA/500 O MAS GRS;MI PAIS
MI PAIS/BARRA/VAINILLA;MI PAIS
MI PAIS/BARRA/VAINILLAMI PAIS/BARRA/250 374 GRS;MI PAIS
MI PAIS/BARRA/VAINILLAMI PAIS/BARRA/500 O MAS GRS;MI PAIS
MI TIERRA/BARRA/SIN SABOR;MI TIERRA
MI TIERRA/BARRA/SIN SABORMI TIERRA/BARRA/500 O MAS GRS;MI TIERRA
MONICA/BARRA/SIN SABOR;MONICA
MONICA/BARRA/SIN SABORMONICA/BARRA/26 32 GRS;MONICA
MONICA/BARRA/SIN SABORMONICA/BARRA/500 O MAS GRS;MONICA
MORAMOR/BARRA/CLAVOS Y CANELA;MORAMOR
MORAMOR/BARRA/CLAVOS Y CANELAMORAMOR/BARRA/500 O MAS GRS;MORAMOR
MORAMOR/BARRA/SIN SABOR;MORAMOR
MORAMOR/BARRA/SIN SABORMORAMOR/BARRA/126 249 GRS;MORAMOR
MORAMOR/BARRA/SIN SABORMORAMOR/BARRA/250 374 GRS;MORAMOR
MORAMOR/BARRA/SIN SABORMORAMOR/BARRA/500 O MAS GRS;MORAMOR
MORAMOR/BARRA/VAINILLA;MORAMOR
MORAMOR/BARRA/VAINILLAMORAMOR/BARRA/500 O MAS GRS;MORAMOR
NORKAFAN/BARRA/CLAVOS Y CANELA;NORKAFAN
NORKAFAN/BARRA/CLAVOS Y CANELANORKAFAN/BARRA/500 O MAS GRS;NORKAFAN
NUEVO DIA/BARRA/SIN SABOR;NUEVO DIA
NUEVO DIA/BARRA/SIN SABORNUEVO DIA/BARRA/250 374 GRS;NUEVO DIA
NUEVO DIA/BARRA/SIN SABORNUEVO DIA/BARRA/33 125 GRS;NUEVO DIA
NUTRE/BARRA/SIN SABOR;NUTRE
NUTRE/BARRA/SIN SABORNUTRE/BARRA/500 O MAS GRS;NUTRE
NUTRICHOCO/BARRA/CLAVOS Y CANELA;NUTRICHOCO
NUTRICHOCO/BARRA/CLAVOS Y CANELANUTRICHOCO/BARRA/126 249 GRS;NUTRICHOCO
NUTRICHOCO/BARRA/SIN SABOR;NUTRICHOCO
NUTRICHOCO/BARRA/SIN SABORNUTRICHOCO/BARRA/126 249 GRS;NUTRICHOCO
NUTRICHOCO/BARRA/SIN SABORNUTRICHOCO/BARRA/250 374 GRS;NUTRICHOCO
OLIMPICO/BARRA/CLAVOS Y CANELA;OLIMPICO
OLIMPICO/BARRA/CLAVOS Y CANELAOLIMPICO/BARRA/500 O MAS GRS;OLIMPICO
OLIMPICO/BARRA/SIN SABOR;OLIMPICO
OLIMPICO/BARRA/SIN SABOROLIMPICO/BARRA/500 O MAS GRS;OLIMPICO
OMERLAC/BARRA/SIN SABOR;OMERLAC
OMERLAC/BARRA/SIN SABOROMERLAC/BARRA/500 O MAS GRS;OMERLAC
PACARI/POLVO/SIN SABOR;PACARI
PACARI/POLVO/SIN SABORPACARI/POLVO/141 200 GRS;PACARI
PASADENA/BARRA/SIN SABOR;PASADENA
PASADENA/BARRA/SIN SABORPASADENA/BARRA/250 374 GRS;PASADENA
PASADENA/BARRA/SIN SABORPASADENA/BARRA/500 O MAS GRS;PASADENA
PRIARR/BARRA/SIN SABOR;PRIARR
PRIARR/BARRA/SIN SABORPRIARR/BARRA/250 374 GRS;PRIARR
PRIARR/BARRA/SIN SABORPRIARR/BARRA/26 32 GRS;PRIARR
PRIARR/BARRA/SIN SABORPRIARR/BARRA/500 O MAS GRS;PRIARR
QUESADA/BARRA/CLAVOS Y CANELA;QUESADA
QUESADA/BARRA/CLAVOS Y CANELAQUESADA/BARRA/0 25 GRS;QUESADA
QUESADA/BARRA/CLAVOS Y CANELAQUESADA/BARRA/250 374 GRS;QUESADA
QUESADA/BARRA/CLAVOS Y CANELAQUESADA/BARRA/26 32 GRS;QUESADA
QUESADA/BARRA/CLAVOS Y CANELAQUESADA/BARRA/500 O MAS GRS;QUESADA
QUESADA/BARRA/OTROS SABORES;QUESADA
QUESADA/BARRA/OTROS SABORESQUESADA/BARRA/500 O MAS GRS;QUESADA
QUESADA/BARRA/SIN SABOR;QUESADA
QUESADA/BARRA/SIN SABORQUESADA/BARRA/0 25 GRS;QUESADA
QUESADA/BARRA/SIN SABORQUESADA/BARRA/250 374 GRS;QUESADA
QUESADA/BARRA/SIN SABORQUESADA/BARRA/500 O MAS GRS;QUESADA
QUESADA/BARRA/VAINILLA;QUESADA
QUESADA/BARRA/VAINILLAQUESADA/BARRA/0 25 GRS;QUESADA
QUESADA/BARRA/VAINILLAQUESADA/BARRA/250 374 GRS;QUESADA
QUESADA/BARRA/VAINILLAQUESADA/BARRA/26 32 GRS;QUESADA
QUESADA/BARRA/VAINILLAQUESADA/BARRA/500 O MAS GRS;QUESADA
QUESADA/POLVO/SIN SABOR;QUESADA
QUESADA/POLVO/SIN SABORQUESADA/POLVO/33 125 GRS;QUESADA
RAMON AROCA/BARRA/SIN SABOR;RAMON AROCA
RAMON AROCA/BARRA/SIN SABORRAMON AROCA/BARRA/250 374 GRS;RAMON AROCA
RAMON AROCA/BARRA/SIN SABORRAMON AROCA/BARRA/500 O MAS GRS;RAMON AROCA
REINA/BARRA/SIN SABOR;REINA
REINA/BARRA/SIN SABORREINA/BARRA/250 374 GRS;REINA
REINA/BARRA/SIN SABORREINA/BARRA/500 O MAS GRS;REINA
RIONEGRO/BARRA/SIN SABOR;RIONEGRO
RIONEGRO/BARRA/SIN SABORRIONEGRO/BARRA/33 125 GRS;RIONEGRO
SAN ANDRES/BARRA/CLAVOS Y CANELA;SAN ANDRES
SAN ANDRES/BARRA/CLAVOS Y CANELASAN ANDRES/BARRA/500 O MAS GRS;SAN ANDRES
SAN ANDRES/BARRA/SIN SABOR;SAN ANDRES
SAN ANDRES/BARRA/SIN SABORSAN ANDRES/BARRA/500 O MAS GRS;SAN ANDRES
SAN ANTERO/BARRA/SIN SABOR;SAN ANTERO
SAN ANTERO/BARRA/SIN SABORSAN ANTERO/BARRA/250 374 GRS;SAN ANTERO
SAN ANTERO/BARRA/SIN SABORSAN ANTERO/BARRA/500 O MAS GRS;SAN ANTERO
SAN DIEGO/BARRA/SIN SABOR;SAN DIEGO
SAN DIEGO/BARRA/SIN SABORSAN DIEGO/BARRA/500 O MAS GRS;SAN DIEGO
SAN FERNANDO/BARRA/SIN SABOR;SAN FERNANDO
SAN FERNANDO/BARRA/SIN SABORSAN FERNANDO/BARRA/500 O MAS GRS;SAN FERNANDO
SAN JOSE/BARRA/CLAVOS Y CANELA;SAN JOSE
SAN JOSE/BARRA/CLAVOS Y CANELASAN JOSE/BARRA/500 O MAS GRS;SAN JOSE
SAN JOSE/BARRA/SIN SABOR;SAN JOSE
SAN JOSE/BARRA/SIN SABORSAN JOSE/BARRA/250 374 GRS;SAN JOSE
SAN JOSE/BARRA/SIN SABORSAN JOSE/BARRA/33 125 GRS;SAN JOSE
SAN JOSE/BARRA/SIN SABORSAN JOSE/BARRA/500 O MAS GRS;SAN JOSE
SAN JOSE/BARRA/VAINILLA;SAN JOSE
SAN JOSE/BARRA/VAINILLASAN JOSE/BARRA/250 374 GRS;SAN JOSE
SAN JOSE/BARRA/VAINILLASAN JOSE/BARRA/500 O MAS GRS;SAN JOSE
SAN PEDRO/BARRA/SIN SABOR;SAN PEDRO
SAN PEDRO/BARRA/SIN SABORSAN PEDRO/BARRA/250 374 GRS;SAN PEDRO
SAN PEDRO/BARRA/SIN SABORSAN PEDRO/BARRA/500 O MAS GRS;SAN PEDRO
SAN PETRO/BARRA/SIN SABOR;SAN PETRO
SAN PETRO/BARRA/SIN SABORSAN PETRO/BARRA/250 374 GRS;SAN PETRO
SAN RAFAEL/BARRA/CLAVOS Y CANELA;SAN RAFAEL
SAN RAFAEL/BARRA/CLAVOS Y CANELASAN RAFAEL/BARRA/0 25 GRS;SAN RAFAEL
SAN RAFAEL/BARRA/CLAVOS Y CANELASAN RAFAEL/BARRA/250 374 GRS;SAN RAFAEL
SAN RAFAEL/BARRA/CLAVOS Y CANELASAN RAFAEL/BARRA/500 O MAS GRS;SAN RAFAEL
SAN RAFAEL/BARRA/SIN SABOR;SAN RAFAEL
SAN RAFAEL/BARRA/SIN SABORSAN RAFAEL/BARRA/0 25 GRS;SAN RAFAEL
SAN RAFAEL/BARRA/SIN SABORSAN RAFAEL/BARRA/250 374 GRS;SAN RAFAEL
SAN RAFAEL/BARRA/SIN SABORSAN RAFAEL/BARRA/500 O MAS GRS;SAN RAFAEL
SAN RAFAEL/BARRA/VAINILLA;SAN RAFAEL
SAN RAFAEL/BARRA/VAINILLASAN RAFAEL/BARRA/0 25 GRS;SAN RAFAEL
SAN RAFAEL/BARRA/VAINILLASAN RAFAEL/BARRA/250 374 GRS;SAN RAFAEL
SAN RAFAEL/BARRA/VAINILLASAN RAFAEL/BARRA/500 O MAS GRS;SAN RAFAEL
SANJUANERO/BARRA/CLAVOS Y CANELA;SANJUANERO
SANJUANERO/BARRA/CLAVOS Y CANELASANJUANERO/BARRA/500 O MAS GRS;SANJUANERO
SANJUANERO/BARRA/SIN SABOR;SANJUANERO
SANJUANERO/BARRA/SIN SABORSANJUANERO/BARRA/500 O MAS GRS;SANJUANERO
SANJUANERO/BARRA/VAINILLA;SANJUANERO
SANJUANERO/BARRA/VAINILLASANJUANERO/BARRA/500 O MAS GRS;SANJUANERO
SANTO/BARRA/SIN SABOR;SANTO
SANTO/BARRA/SIN SABORSANTO/BARRA/126 249 GRS;SANTO
SANTO/BARRA/SIN SABORSANTO/BARRA/33 125 GRS;SANTO
SHEKAINA/BARRA/CLAVOS Y CANELA;SHEKAINA
SHEKAINA/BARRA/CLAVOS Y CANELASHEKAINA/BARRA/126 249 GRS;SHEKAINA
SHEKAINA/BARRA/SIN SABOR;SHEKAINA
SHEKAINA/BARRA/SIN SABORSHEKAINA/BARRA/126 249 GRS;SHEKAINA
SOL/BARRA/CLAVOS Y CANELA;SOL
SOL/BARRA/CLAVOS Y CANELASOL/BARRA/26 32 GRS;SOL
SOL/BARRA/CLAVOS Y CANELASOL/BARRA/500 O MAS GRS;SOL
SOL/BARRA/SIN SABOR;SOL
SOL/BARRA/SIN SABORSOL/BARRA/0 25 GRS;SOL
SOL/BARRA/SIN SABORSOL/BARRA/201 260 GRS;SOL
SOL/BARRA/SIN SABORSOL/BARRA/250 374 GRS;SOL
SOL/BARRA/SIN SABORSOL/BARRA/26 32 GRS;SOL
SOL/BARRA/SIN SABORSOL/BARRA/33 125 GRS;SOL
SOL/BARRA/SIN SABORSOL/BARRA/500 O MAS GRS;SOL
SUISS/BARRA/OTROS SABORES;SUISS
SUISS/BARRA/OTROS SABORESSUISS/BARRA/500 O MAS GRS;SUISS
SUISS/BARRA/SIN SABOR;SUISS
SUISS/BARRA/SIN SABORSUISS/BARRA/500 O MAS GRS;SUISS
SUPER/BARRA/CLAVOS Y CANELA;SUPER
SUPER/BARRA/CLAVOS Y CANELASUPER/BARRA/500 O MAS GRS;SUPER
SUPER/BARRA/SIN SABOR;SUPER
SUPER/BARRA/SIN SABORSUPER/BARRA/250 374 GRS;SUPER
SUPER/BARRA/SIN SABORSUPER/BARRA/26 32 GRS;SUPER
SUPER/BARRA/SIN SABORSUPER/BARRA/500 O MAS GRS;SUPER
SUPERIOR/BARRA/CLAVOS Y CANELA;SUPERIOR
SUPERIOR/BARRA/CLAVOS Y CANELASUPERIOR/BARRA/250 374 GRS;SUPERIOR
SUPERIOR/BARRA/CLAVOS Y CANELASUPERIOR/BARRA/500 O MAS GRS;SUPERIOR
SUPERIOR/BARRA/OTROS SABORES;SUPERIOR
SUPERIOR/BARRA/OTROS SABORESSUPERIOR/BARRA/250 374 GRS;SUPERIOR
SUPERLIDER/BARRA/CLAVOS Y CANELA;SUPERLIDER
SUPERLIDER/BARRA/CLAVOS Y CANELASUPERLIDER/BARRA/250 374 GRS;SUPERLIDER
SURATA/BARRA/CLAVOS Y CANELA;SURATA
SURATA/BARRA/CLAVOS Y CANELASURATA/BARRA/500 O MAS GRS;SURATA
SURATA/BARRA/SIN SABOR;SURATA
SURATA/BARRA/SIN SABORSURATA/BARRA/250 374 GRS;SURATA
SURATA/BARRA/SIN SABORSURATA/BARRA/500 O MAS GRS;SURATA
SURATA/BARRA/VAINILLA;SURATA
SURATA/BARRA/VAINILLASURATA/BARRA/500 O MAS GRS;SURATA
SWISS MISS/POLVO/SIN SABOR;SWISS MISS
SWISS MISS/POLVO/SIN SABORSWISS MISS/POLVO/33 125 GRS;SWISS MISS
SWISS MISS/POLVO/SIN SABORSWISS MISS/POLVO/401 O MAS GRS;SWISS MISS
TACITA DE FELICIDAD/BARRA/SIN SABOR;TACITA DE FELICIDAD
TACITA DE FELICIDAD/BARRA/SIN SABORTACITA DE FELICIDAD/BARRA/250 374 GRS;TACITA DE FELICIDAD
TESALIA/BARRA/CLAVOS Y CANELA;TESALIA
TESALIA/BARRA/CLAVOS Y CANELATESALIA/BARRA/0 25 GRS;TESALIA
TESALIA/BARRA/CLAVOS Y CANELATESALIA/BARRA/126 249 GRS;TESALIA
TESALIA/BARRA/CLAVOS Y CANELATESALIA/BARRA/250 374 GRS;TESALIA
TESALIA/BARRA/CLAVOS Y CANELATESALIA/BARRA/33 125 GRS;TESALIA
TESALIA/BARRA/CLAVOS Y CANELATESALIA/BARRA/500 O MAS GRS;TESALIA
TESALIA/BARRA/SIN SABOR;TESALIA
TESALIA/BARRA/SIN SABORTESALIA/BARRA/0 25 GRS;TESALIA
TESALIA/BARRA/SIN SABORTESALIA/BARRA/250 374 GRS;TESALIA
TOCAIMA/BARRA/SIN SABOR;TOCAIMA
TOCAIMA/BARRA/SIN SABORTOCAIMA/BARRA/500 O MAS GRS;TOCAIMA
TODO GUSTO/POLVO/SIN SABOR;TODO GUSTO
TODO GUSTO/POLVO/SIN SABORTODO GUSTO/POLVO/141 200 GRS;TODO GUSTO
TOLIMAX/BARRA/CLAVOS Y CANELA;TOLIMAX
TOLIMAX/BARRA/CLAVOS Y CANELATOLIMAX/BARRA/0 25 GRS;TOLIMAX
TOLIMAX/BARRA/CLAVOS Y CANELATOLIMAX/BARRA/250 374 GRS;TOLIMAX
TOLIMAX/BARRA/CLAVOS Y CANELATOLIMAX/BARRA/33 125 GRS;TOLIMAX
TOLIMAX/BARRA/CLAVOS Y CANELATOLIMAX/BARRA/500 O MAS GRS;TOLIMAX
TOLIMAX/BARRA/OTROS SABORES;TOLIMAX
TOLIMAX/BARRA/OTROS SABORESTOLIMAX/BARRA/0 25 GRS;TOLIMAX
TOLIMAX/BARRA/OTROS SABORESTOLIMAX/BARRA/250 374 GRS;TOLIMAX
TOLIMAX/BARRA/SIN SABOR;TOLIMAX
TOLIMAX/BARRA/SIN SABORTOLIMAX/BARRA/0 25 GRS;TOLIMAX
TOLIMAX/BARRA/SIN SABORTOLIMAX/BARRA/126 249 GRS;TOLIMAX
TOLIMAX/BARRA/SIN SABORTOLIMAX/BARRA/250 374 GRS;TOLIMAX
TOLIMAX/BARRA/SIN SABORTOLIMAX/BARRA/500 O MAS GRS;TOLIMAX
TOLIMAX/BARRA/VAINILLA;TOLIMAX
TOLIMAX/BARRA/VAINILLATOLIMAX/BARRA/0 25 GRS;TOLIMAX
TOLIMAX/BARRA/VAINILLATOLIMAX/BARRA/250 374 GRS;TOLIMAX
TOLIMAX/BARRA/VAINILLATOLIMAX/BARRA/500 O MAS GRS;TOLIMAX
TRES ESTRELLAS/BARRA/SIN SABOR;TRES ESTRELLAS
TRES ESTRELLAS/BARRA/SIN SABORTRES ESTRELLAS/BARRA/500 O MAS GRS;TRES ESTRELLAS
TRIUNFO/BARRA/SIN SABOR;TRIUNFO
TRIUNFO/BARRA/SIN SABORTRIUNFO/BARRA/500 O MAS GRS;TRIUNFO
VEGUERO/BARRA/SIN SABOR;VEGUERO
VEGUERO/BARRA/SIN SABORVEGUERO/BARRA/500 O MAS GRS;VEGUERO
VICMAR/BARRA/SIN SABOR;VICMAR
VICMAR/BARRA/SIN SABORVICMAR/BARRA/250 374 GRS;VICMAR
VICMAR/BARRA/SIN SABORVICMAR/BARRA/500 O MAS GRS;VICMAR
VILLA/BARRA/CLAVOS Y CANELA;VILLA
VILLA/BARRA/CLAVOS Y CANELAVILLA/BARRA/500 O MAS GRS;VILLA
VITACHOCOLATE/BARRA/SIN SABOR;VITACHOCOLATE
VITACHOCOLATE/BARRA/SIN SABORVITACHOCOLATE/BARRA/250 374 GRS;VITACHOCOLATE
VITACHOCOLATE/BARRA/SIN SABORVITACHOCOLATE/BARRA/26 32 GRS;VITACHOCOLATE
VITACHOCOLATE/BARRA/SIN SABORVITACHOCOLATE/BARRA/500 O MAS GRS;VITACHOCOLATE
TIPIKO/POLVO/SIN SABOR;TIPIKO
TIPIKO/POLVO/SIN SABORTIPIKO/POLVO/201 260 GRS;TIPIKO
DE GIRON/BARRA/SIN SABOR;DE GIRON
DE GIRON/BARRA/SIN SABORDE GIRON/BARRA/500 O MAS GRS;DE GIRON
CRUZ/BARRA/SIN SABORCRUZ/BARRA/26 32 GRS;CRUZ
CHOCO RICO/POLVO/SIN SABOR;CHOCO RICO
CHOCO RICO/POLVO/SIN SABORCHOCO RICO/POLVO/141 200 GRS;CHOCO RICO
CHOCO RICO/POLVO/SIN SABORCHOCO RICO/POLVO/33 125 GRS;CHOCO RICO
CHOCOLATE NACIONAL/POLVO/SIN SABOR;CHOCOLATE NACIONAL
CHOCOLATE NACIONAL/POLVO/SIN SABORCHOCOLATE NACIONAL/POLVO/201 260 GRS;CHOCOLATE NACIONAL
TRIUNFO/BARRA/SIN SABORTRIUNFO/BARRA/0 124 GRS;TRIUNFO
CALIDOSO/BARRA/CLAVOS Y CANELA;CALIDOSO
CALIDOSO/BARRA/CLAVOS Y CANELACALIDOSO/BARRA/33 125 GRS;CALIDOSO
CHOCOLATE NACIONAL/POLVO/SIN SABORCHOCOLATE NACIONAL/POLVO/401 O MAS GRS;CHOCOLATE NACIONAL
SWISS MISS/POLVO/SIN SABORSWISS MISS/POLVO/201 260 GRS;SWISS MISS
CHOCO EXPRESS/POLVO/SIN SABORCHOCO EXPRESS/POLVO/261 300 GRS;CHOCO EXPRESS
CRUZ/BARRA/CLAVOS Y CANELACRUZ/BARRA/250 374 GRS;CRUZ
CHOCOLATE NACIONAL/POLVO/SIN SABORCHOCOLATE NACIONAL/POLVO/0 25 GRS;CHOCOLATE NACIONAL
QUESADA/BARRA/VAINILLAQUESADA/BARRA/33 125 GRS;QUESADA
MONTEBLANCO;MONTEBLANCO
MUUU;MUUU
ALMOND JOY;ALMOND JOY
NESTLE;NESTLE
CRUNCH;CRUNCH
GALAK;GALAK
TIKYS;TIKYS
EQUIORI;EQUIORI
ROMANOFF;ROMANOFF
CRUMY;CRUMY
BABY RUTH;BABY RUTH
TOBBI;TOBBI
ROCKLETS;ROCKLETS
TOPSI;TOPSI
CHOCO BALL;CHOCO BALL
CHOCO BARS;CHOCO BARS
CLIN CLAN;CLIN CLAN
HAMLET;HAMLET
FERRERO;FERRERO
GRECO;GRECO
MINIS MIX;MINIS MIX
ROMANCE;ROMANCE
TOYS;TOYS
MHOTITAS;MHOTITAS
HOBBY;HOBBY
TONNY;TONNY
IGLU;IGLU
SNACKY;SNACKY
SUPERCOCO;SUPERCOCO
TRULULU;TRULULU
SOL PROTONIK;SOL PROTONIK
TACO;TACO
JGB CHICOS;JGB CHICOS
NACIONAL DE CHOCOLATES;NACIONAL DE CHOCOLATES
CHOCO RAP;CHOCO RAP
RONCO;RONCO
CATEDRAL;CATEDRAL
BUON GIORNO;BUON GIORNO
FITBRAND;FITBRAND
LA BONITA;LA BONITA
LA MILANESA;LA MILANESA
ALBERTINI;ALBERTINI
LA FAMA;LA FAMA
RIOKA;RIOKA
ITALA;ITALA
SAN MARCOS;SAN MARCOS
VERA;VERA
ZARA;ZARA
CASA FIESTA;CASA FIESTA
LECHE DE SOYA CON CAFE;LECHE DE SOYA CON CAFE
CASINO;CASINO
DIA;DIA
GLACITAS;GLACITAS
INTEGRACKERS;INTEGRACKERS
LLANTITAS;LLANTITAS
MINI GLACITAS;MINI GLACITAS
VICTORIA;VICTORIA
MAMA INES;MAMA INES
PA MI GENTE;PA MI GENTE
BRINKY;BRINKY
CAPRI;CAPRI
CHOC MELOS;CHOC MELOS
CRAKENAS;CRAKENAS
CRIOS;CRIOS
HALLOWEN;HALLOWEN
HAPPY HOLIDAYS;HAPPY HOLIDAYS
NAVIDENAS;NAVIDENAS
TITOSAS;TITOSAS
COMAPAN;COMAPAN
BUON;BUON
DO RICAS;DO RICAS
RICA VIDA;RICA VIDA
GAMESA;GAMESA
NAVIDAD DULCE NAVIDAD;NAVIDAD DULCE NAVIDAD
GULLON;GULLON
CHEFRITO;CHEFRITO
CHOCO CHEFF;CHOCO CHEFF
LA GITANA;LA GITANA
REDONDITAS;REDONDITAS
SALTISIMAS;SALTISIMAS
TOMY;TOMY
QKISS;QKISS
KELSEN;KELSEN
MAMI;MAMI
MAMIPAN;MAMIPAN
CHIPS AHOY;CHIPS AHOY
FIG NEWTON;FIG NEWTON
HONEY BRAN;HONEY BRAN
HONY BELVITA;HONY BELVITA
TEDDY;TEDDY
ANDALUZA;ANDALUZA
BESO DE NEGRA;BESO DE NEGRA
CAN CAN;CAN CAN
COCOSETTE;COCOSETTE
DEDITOS;DEDITOS
GERBER;GERBER
HOYITOS;HOYITOS
LA LECHERA;LA LECHERA
MACARENA;MACARENA
MORENITAS;MORENITAS
RONDALLAS;RONDALLAS
SALTINAS;SALTINAS
SETTE;SETTE
TANGO;TANGO
ANTOJOS;ANTOJOS
CARAVANA;CARAVANA
CARNAVAL;CARNAVAL
CAROUSEL;CAROUSEL
CHIPS;CHIPS
DUCALES;DUCALES
DUX;DUX
NOCHE BUENA;NOCHE BUENA
NOEL SALTIN;NOEL SALTIN
RECREO;RECREO
SULTANA;SULTANA
GRISBY;GRISBY
LEPARK;LEPARK
RAMO;RAMO
BLACK OUT;BLACK OUT
CELEBRITY;CELEBRITY
DELIZZE;DELIZZE
RELLENITAS;RELLENITAS
SERVIPAN;SERVIPAN
SALIX;SALIX
CRAKINUA;CRAKINUA
MIDIA;MIDIA
SALRICAS;SALRICAS
REALES;REALES
SALTITACOS;SALTITACOS
CLUB SOCIAL;CLUB SOCIAL
KRAKER BELVITA;KRAKER BELVITA
RITZ;RITZ
WHEAT;WHEAT
HIT;HIT
RICAS;RICAS
BRIDGE;BRIDGE
MAX;MAX
MAX MUUU;MAX MUUU
MAXCOCO;MAXCOCO
QUIMBAYA;QUIMBAYA
HANUTA;HANUTA
CHOCO BABY;CHOCO BABY
LOACKER;LOACKER
QUADRATINI;QUADRATINI
AMOR CLASSIC;AMOR CLASSIC
SAMBA;SAMBA
SUPER WAFERS;SUPER WAFERS
SURINDU;SURINDU
SUSY;SUSY
WAFER AMOR;WAFER AMOR
COMBI;COMBI
MARISELA;MARISELA
BELVITA;BELVITA
NESFIT;NESFIT
GN;GN
COSTA;COSTA
RUMBA;RUMBA
MARISA;MARISA
LA ROSA;LA ROSA
TOY;TOY
MAMBO;MAMBO
ORO CREMA;ORO CREMA
LA FAZENDA;LA FAZENDA
ARETAMA;ARETAMA
ZAR POLLO;ZAR POLLO
CAQUETA;CAQUETA
CHORIVASER;CHORIVASER
CARNELLY;CARNELLY
CASA BLANCA;CASA BLANCA
SUPER CARNELLY;SUPER CARNELLY
BAKANO;BAKANO
ENRIKO;ENRIKO
CASA IBANEZ;CASA IBANEZ
IBANEZ;IBANEZ
LA ABUELA AMELIA;LA ABUELA AMELIA
LA CAMPINA;LA CAMPINA
COLANTA;COLANTA
MONTEFRIO;MONTEFRIO
METZGEREI;METZGEREI
COLOMBO ALEMANA;COLOMBO ALEMANA
BARBACON;BARBACON
KIMBY;KIMBY
PORTEL;PORTEL
DELIPAVO;DELIPAVO
BELMONT;BELMONT
DISTRAVES;DISTRAVES
NAPOLES;NAPOLES
DOGGER;DOGGER
DON VITTO;DON VITTO
FAIZAN;FAIZAN
MAGRET;MAGRET
FRIGOSAN;FRIGOSAN
GRANDIXIMA;GRANDIXIMA
SANTA RITA;SANTA RITA
DON FELIPE;DON FELIPE
LA PARISIENNE;LA PARISIENNE
PARISIENNE;PARISIENNE
CARFRISAN;CARFRISAN
CAFRISAN;CAFRISAN
FRIKO;FRIKO
SUPER POLLO;SUPER POLLO
LA ESPERANZA;LA ESPERANZA
SLAE;SLAE
KOLLER;KOLLER
VIAKA;VIAKA
SIERRA NOBLE;SIERRA NOBLE
BERLIN;BERLIN
BERNA;BERNA
LACALI;LACALI
DELI;DELI
CUNIT;CUNIT
RANCHERA;RANCHERA
SUIZO;SUIZO
PIETRAN;PIETRAN
ITALIANO;ITALIANO
SANTA CATALINA;SANTA CATALINA
SUIZER;SUIZER
DON PACO;DON PACO
FRIGOREY;FRIGOREY
REICAR;REICAR
SEGOVIANO;SEGOVIANO
DIMONTI;DIMONTI
RIETI;RIETI
SABORE;SABORE
VALENCIA;VALENCIA
SALSAN;SALSAN
MILONCHI;MILONCHI
ROOSTER;ROOSTER
SUPERCERDO;SUPERCERDO
VILASECA;VILASECA
WALTER;WALTER
EL CASTILLO;EL CASTILLO
LORENZANO;LORENZANO
BELLOTERO;BELLOTERO
LA AMERICANA;LA AMERICANA
BUENDIA;BUENDIA
BAJO CERO;BAJO CERO
DEL ALTIPLANO;DEL ALTIPLANO
ABURRA/BARRA/CLAVOS Y CANELAABURRA/BARRA/33 125 GRS;ABURRA
CHOCO SOL/BARRA/SIN SABOR;CHOCO SOL
CHOCO SOL/BARRA/SIN SABORCHOCO SOL/BARRA/250 374 GRS;CHOCO SOL
CORONA/BARRA/OTROS SABORESCORONA/BARRA/375 499 GRS;CORONA
DEL ALTIPLANO/POLVO/CLAVOS Y CANELA;DEL ALTIPLANO
DEL ALTIPLANO/POLVO/CLAVOS Y CANELADEL ALTIPLANO/POLVO/500 O MAS GRS;DEL ALTIPLANO
DEL ALTIPLANO/POLVO/SIN SABOR;DEL ALTIPLANO
DEL ALTIPLANO/POLVO/SIN SABORDEL ALTIPLANO/POLVO/250 374 GRS;DEL ALTIPLANO
LA ESPECIAL/BARRA/SIN SABORLA ESPECIAL/BARRA/375 499 GRS;LA ESPECIAL
NUNCHUAH/BARRA/SIN SABOR;NUNCHUAH
NUNCHUAH/BARRA/SIN SABORNUNCHUAH/BARRA/250 374 GRS;NUNCHUAH
NUNCHUAH/POLVO/OTROS SABORES;NUNCHUAH
NUNCHUAH/POLVO/OTROS SABORESNUNCHUAH/POLVO/401 O MAS GRS;NUNCHUAH
TIPIKO/POLVO/SIN SABORTIPIKO/POLVO/401 O MAS GRS;TIPIKO
CASERO/BARRA/SIN SABOR;CASERO
CASERO/BARRA/SIN SABORCASERO/BARRA/500 O MAS GRS;CASERO
MERRY CHRISTMAS;MERRY CHRISTMAS
BESO DE AMOR;BESO DE AMOR
TENTACION;TENTACION
SWEET;SWEET
MESA DE LOS SANTOS;MESA DE LOS SANTOS
AMOR PERFECTO;AMOR PERFECTO
HUNGARO;HUNGARO
BOOM/POLVO/SIN SABOR;BOOM/POLVO/SIN SABOR
BOOM/POLVO/SIN SABORBOOM/POLVO/201 260 GRS;BOOM/POLVO/SIN SABORBOOM/POLVO/201 260 GRS
IMPERIAL/BARRA/CLAVOS Y CANELA;IMPERIAL/BARRA/CLAVOS Y CANELA
IMPERIAL/BARRA/CLAVOS Y CANELAIMPERIAL/BARRA/500 O MAS GRS;IMPERIAL/BARRA/CLAVOS Y CANELAIMPERIAL/BARRA/500 O MAS GRS
IMPERIAL/BARRA/VAINILLA;IMPERIAL/BARRA/VAINILLA
IMPERIAL/BARRA/VAINILLAIMPERIAL/BARRA/500 O MAS GRS;IMPERIAL/BARRA/VAINILLAIMPERIAL/BARRA/500 O MAS GRS
LATINO/BARRA/OTROS SABORES;LATINO/BARRA/OTROS SABORES
LATINO/BARRA/OTROS SABORESLATINO/BARRA/500 O MAS GRS;LATINO/BARRA/OTROS SABORESLATINO/BARRA/500 O MAS GRS
MI TIERRA/BARRA/SIN SABORMI TIERRA/BARRA/0 124 GRS;MI TIERRA/BARRA/SIN SABORMI TIERRA/BARRA/0 124 GRS
CHOKER/POLVO/SIN SABOR;CHOKER/POLVO/SIN SABOR
CHOKER/POLVO/SIN SABORCHOKER/POLVO/201 260 GRS;CHOKER/POLVO/SIN SABORCHOKER/POLVO/201 260 GRS
NATRI;NATRI
CHOCO MIO/BARRA/CLAVOS Y CANELA;CHOCO MIO/BARRA/CLAVOS Y CANELA
CHOCO MIO/BARRA/CLAVOS Y CANELACHOCO MIO/BARRA/250 374 GRS;CHOCO MIO/BARRA/CLAVOS Y CANELACHOCO MIO/BARRA/250 374 GRS
PRIARR/BARRA/CLAVOS Y CANELA;PRIARR/BARRA/CLAVOS Y CANELA
PRIARR/BARRA/CLAVOS Y CANELAPRIARR/BARRA/500 O MAS GRS;PRIARR/BARRA/CLAVOS Y CANELAPRIARR/BARRA/500 O MAS GRS
PRIARR/BARRA/VAINILLA;PRIARR/BARRA/VAINILLA
PRIARR/BARRA/VAINILLAPRIARR/BARRA/500 O MAS GRS;PRIARR/BARRA/VAINILLAPRIARR/BARRA/500 O MAS GRS
UNIDOS/BARRA/CLAVOS Y CANELA;UNIDOS/BARRA/CLAVOS Y CANELA
UNIDOS/BARRA/CLAVOS Y CANELAUNIDOS/BARRA/250 374 GRS;UNIDOS/BARRA/CLAVOS Y CANELAUNIDOS/BARRA/250 374 GRS
UNIDOS/BARRA/CLAVOS Y CANELAUNIDOS/BARRA/33 125 GRS;UNIDOS/BARRA/CLAVOS Y CANELAUNIDOS/BARRA/33 125 GRS
UNIDOS/BARRA/SIN SABOR;UNIDOS/BARRA/SIN SABOR
UNIDOS/BARRA/SIN SABORUNIDOS/BARRA/250 374 GRS;UNIDOS/BARRA/SIN SABORUNIDOS/BARRA/250 374 GRS
UNIDOS/BARRA/SIN SABORUNIDOS/BARRA/33 125 GRS;UNIDOS/BARRA/SIN SABORUNIDOS/BARRA/33 125 GRS
MAXI ALIMENTOS;MAXI ALIMENTOS
MARIAS;MARIAS
LA BOLITA/BARRA/CLAVOS Y CANELALA BOLITA/BARRA/250 374 GRS;LA BOLITA/BARRA/CLAVOS Y CANELALA BOLITA/BARRA/250 374 GRS
LA BOLITA/BARRA/OTROS SABORES;LA BOLITA/BARRA/OTROS SABORES
LA BOLITA/BARRA/OTROS SABORESLA BOLITA/BARRA/250 374 GRS;LA BOLITA/BARRA/OTROS SABORESLA BOLITA/BARRA/250 374 GRS
LATINO/BARRA/OTROS SABORESLATINO/BARRA/250 374 GRS;LATINO/BARRA/OTROS SABORESLATINO/BARRA/250 374 GRS
PIACENZA;PIACENZA
CHOCO MIO/BARRA/CLAVOS Y CANELACHOCO MIO/BARRA/500 O MAS GRS;CHOCO MIO/BARRA/CLAVOS Y CANELACHOCO MIO/BARRA/500 O MAS GRS
DON JUANITO/BARRA/VAINILLA;DON JUANITO/BARRA/VAINILLA
DON JUANITO/BARRA/VAINILLADON JUANITO/BARRA/500 O MAS GRS;DON JUANITO/BARRA/VAINILLADON JUANITO/BARRA/500 O MAS GRS
TOSH/POLVO/SIN SABOR;TOSH/POLVO/SIN SABOR
TOSH/POLVO/SIN SABORTOSH/POLVO/141 200 GRS;TOSH/POLVO/SIN SABORTOSH/POLVO/141 200 GRS
COMBO LONCHERA;COMBO LONCHERA
CALIMA;CALIMA
COLOMBIA;COLOMBIA
SUPER RICAS;SUPER RICAS
LA PRIMAVERA;LA PRIMAVERA
CHILENO;CHILENO
PIQUITOS;PIQUITOS
CALENAS;CALENAS
CHICHARRON EXPRESS;CHICHARRON EXPRESS
LA VICTORIA;LA VICTORIA
SAN MIGUEL;SAN MIGUEL
GUADALUPE;GUADALUPE
LALO;LALO
PENSILVANIA;PENSILVANIA
CRONCH;CRONCH
DE TODITO;DE TODITO
PEPSICO;PEPSICO
FRITO MIX;FRITO MIX
MEGAFRITOS;MEGAFRITOS
LA REINA;LA REINA
LA NINA;LA NINA
CALENITAS;CALENITAS
CALERICAS;CALERICAS
PIQUI POLLO;PIQUI POLLO
MEKA TROCITOS;MEKA TROCITOS
ROSKOTAS;ROSKOTAS
YUPI;YUPI
CALENOS;CALENOS
MEKATO;MEKATO
TOSTI;TOSTI
CHEETOS;CHEETOS
POPETAS;POPETAS
CHIRICO/CHIRIQUITO;CHIRICO/CHIRIQUITO
SUPER CHEESE;SUPER CHEESE
CHEESE TRIS;CHEESE TRIS
CHOKIS/SONRIC S CHOCO POFF;CHOKIS/SONRIC S CHOCO POFF
GUDIZ;GUDIZ
MARGARITA;MARGARITA
KIKITO S;KIKITO S
JUAN SHIS;JUAN SHIS
TICOS;TICOS
ROLLYS;ROLLYS
YUPIS;YUPIS
YIROS;YIROS
TODO RICO;TODO RICO
MUNCHOS;MUNCHOS
DELI TODO;DELI TODO
MEKATODO;MEKATODO
EL GOLPE;EL GOLPE
GOLPE CON TODO;GOLPE CON TODO
MIXTON;MIXTON
QUINCRAF;QUINCRAF
RAQUETY;RAQUETY
TOZIMIEL;TOZIMIEL
NATUCHIPS;NATUCHIPS
LAY S;LAY S
GLORIA;GLORIA
PRINGLES;PRINGLES
PRINGOOOALS;PRINGOOOALS
CRESPAS;CRESPAS
LIZA S;LIZA S
RIZADAS;RIZADAS
MINI;MINI
OREADA;OREADA
FRIKAZ;FRIKAZ
TURBANA;TURBANA
CHOCLITOS;CHOCLITOS
DORITOS;DORITOS
SUNBITES;SUNBITES
MAIZITOS;MAIZITOS
TOSTACOS;TOSTACOS
TACONACHO;TACONACHO
CEBOLLITAS;CEBOLLITAS
GRIT S;GRIT S
PAQUETY;PAQUETY
PERMAN;PERMAN
CHEESE TOSO;CHEESE TOSO
COOMBAS;COOMBAS
BESI;BESI
SANISSIMO;SANISSIMO
LIFENESS;LIFENESS
MIX;MIX
KASERITAS;KASERITAS
EXTRUCITOS;EXTRUCITOS
ROCHELLE;ROCHELLE
MINI CHIPS;MINI CHIPS
D CAQUEZA/BARRA/SIN SABOR;D CAQUEZA/BARRA/SIN SABOR
D CAQUEZA/BARRA/SIN SABORD CAQUEZA/BARRA/500 O MAS GRS;D CAQUEZA/BARRA/SIN SABORD CAQUEZA/BARRA/500 O MAS GRS
LA BOLITA/POLVO/SIN SABOR;LA BOLITA/POLVO/SIN SABOR
LA BOLITA/POLVO/SIN SABORLA BOLITA/POLVO/301 400 GRS;LA BOLITA/POLVO/SIN SABORLA BOLITA/POLVO/301 400 GRS
LA CANASTA/BARRA/SIN SABOR;LA CANASTA/BARRA/SIN SABOR
LA CANASTA/BARRA/SIN SABORLA CANASTA/BARRA/500 O MAS GRS;LA CANASTA/BARRA/SIN SABORLA CANASTA/BARRA/500 O MAS GRS
MERCASUR/BARRA/SIN SABOR;MERCASUR/BARRA/SIN SABOR
MERCASUR/BARRA/SIN SABORMERCASUR/BARRA/500 O MAS GRS;MERCASUR/BARRA/SIN SABORMERCASUR/BARRA/500 O MAS GRS
ROOLY/BARRA/CLAVOS Y CANELA;ROOLY/BARRA/CLAVOS Y CANELA
ROOLY/BARRA/CLAVOS Y CANELAROOLY/BARRA/500 O MAS GRS;ROOLY/BARRA/CLAVOS Y CANELAROOLY/BARRA/500 O MAS GRS
ROOLY/BARRA/SIN SABOR;ROOLY/BARRA/SIN SABOR
ROOLY/BARRA/SIN SABORROOLY/BARRA/500 O MAS GRS;ROOLY/BARRA/SIN SABORROOLY/BARRA/500 O MAS GRS
ROOLY/BARRA/VAINILLA;ROOLY/BARRA/VAINILLA
ROOLY/BARRA/VAINILLAROOLY/BARRA/500 O MAS GRS;ROOLY/BARRA/VAINILLAROOLY/BARRA/500 O MAS GRS
SAN JOSE/BARRA/SIN SABORSAN JOSE/BARRA/26 32 GRS;SAN JOSE/BARRA/SIN SABORSAN JOSE/BARRA/26 32 GRS
SAVORY/BARRA/CLAVOS Y CANELA;SAVORY/BARRA/CLAVOS Y CANELA
SAVORY/BARRA/CLAVOS Y CANELASAVORY/BARRA/500 O MAS GRS;SAVORY/BARRA/CLAVOS Y CANELASAVORY/BARRA/500 O MAS GRS
SAVORY/BARRA/SIN SABOR;SAVORY/BARRA/SIN SABOR
SAVORY/BARRA/SIN SABORSAVORY/BARRA/500 O MAS GRS;SAVORY/BARRA/SIN SABORSAVORY/BARRA/500 O MAS GRS
SAVORY/BARRA/VAINILLA;SAVORY/BARRA/VAINILLA
SAVORY/BARRA/VAINILLASAVORY/BARRA/500 O MAS GRS;SAVORY/BARRA/VAINILLASAVORY/BARRA/500 O MAS GRS
SURTIFAMILIAR/BARRA/SIN SABOR;SURTIFAMILIAR/BARRA/SIN SABOR
SURTIFAMILIAR/BARRA/SIN SABORSURTIFAMILIAR/BARRA/250 374 GRS;SURTIFAMILIAR/BARRA/SIN SABORSURTIFAMILIAR/BARRA/250 374 GRS
SURTIFAMILIAR/BARRA/SIN SABORSURTIFAMILIAR/BARRA/33 125 GRS;SURTIFAMILIAR/BARRA/SIN SABORSURTIFAMILIAR/BARRA/33 125 GRS
T /BARRA/SIN SABOR;T /BARRA/SIN SABOR
T /BARRA/SIN SABORT /BARRA/500 O MAS GRS;T /BARRA/SIN SABORT /BARRA/500 O MAS GRS
TRES ESTRELLAS/BARRA/SIN SABORTRES ESTRELLAS/BARRA/201 260 GRS;TRES ESTRELLAS/BARRA/SIN SABORTRES ESTRELLAS/BARRA/201 260 GRS
GOLD/BARRA/LECHE;GOLD/BARRA/LECHE
GOLD/BARRA/LECHEGOLD/BARRA/500 O MAS GRS;GOLD/BARRA/LECHEGOLD/BARRA/500 O MAS GRS
CHUCULAT/POLVO/SIN SABOR;CHUCULAT/POLVO/SIN SABOR
CHUCULAT/POLVO/SIN SABORCHUCULAT/POLVO/33 125 GRS;CHUCULAT/POLVO/SIN SABORCHUCULAT/POLVO/33 125 GRS
SURTIFAMILIAR/BARRA/CLAVOS Y CANELA;SURTIFAMILIAR/BARRA/CLAVOS Y CANELA
SURTIFAMILIAR/BARRA/CLAVOS Y CANELASURTIFAMILIAR/BARRA/33 125 GRS;SURTIFAMILIAR/BARRA/CLAVOS Y CANELASURTIFAMILIAR/BARRA/33 125 GRS
COCONITOS;COCONITOS
ALCAGUETE;ALCAGUETE
BARY;BARY
HEBREOS 27/BARRA/SIN SABOR;HEBREOS 27/BARRA/SIN SABOR
HEBREOS 27/BARRA/SIN SABORHEBREOS 27/BARRA/250 374 GRS;HEBREOS 27/BARRA/SIN SABORHEBREOS 27/BARRA/250 374 GRS
HEBREOS 27/BARRA/VAINILLA;HEBREOS 27/BARRA/VAINILLA
HEBREOS 27/BARRA/VAINILLAHEBREOS 27/BARRA/500 O MAS GRS;HEBREOS 27/BARRA/VAINILLAHEBREOS 27/BARRA/500 O MAS GRS
MERKEPAISA/BARRA/SIN SABOR;MERKEPAISA/BARRA/SIN SABOR
MERKEPAISA/BARRA/SIN SABORMERKEPAISA/BARRA/250 374 GRS;MERKEPAISA/BARRA/SIN SABORMERKEPAISA/BARRA/250 374 GRS
CACAO HUNTERS/POLVO/SIN SABOR;CACAO HUNTERS/POLVO/SIN SABOR
CACAO HUNTERS/POLVO/SIN SABORCACAO HUNTERS/POLVO/201 260 GRS;CACAO HUNTERS/POLVO/SIN SABORCACAO HUNTERS/POLVO/201 260 GRS
JAVI;JAVI
CHOCO LISTO;CHOCOLISTO
MUU;MUUU
MARCAS PRIVADAS;MARCAS PROPIAS
CHOCOMBIANO/BARRA/SIN SABOR;CHOCOMBIANO/BARRA/SIN SABOR
CHOCOMBIANO/BARRA/SIN SABORCHOCOMBIANO/BARRA/500 O MAS GRS;CHOCOMBIANO/BARRA/SIN SABORCHOCOMBIANO/BARRA/500 O MAS GRS
GUSTOSITO/BARRA/CLAVOS Y CANELA;GUSTOSITO/BARRA/CLAVOS Y CANELA
GUSTOSITO/BARRA/CLAVOS Y CANELAGUSTOSITO/BARRA/500 O MAS GRS;GUSTOSITO/BARRA/CLAVOS Y CANELAGUSTOSITO/BARRA/500 O MAS GRS
GUSTOSITO/BARRA/SIN SABOR;GUSTOSITO/BARRA/SIN SABOR
GUSTOSITO/BARRA/SIN SABORGUSTOSITO/BARRA/250 374 GRS;GUSTOSITO/BARRA/SIN SABORGUSTOSITO/BARRA/250 374 GRS
GUSTOSITO/BARRA/SIN SABORGUSTOSITO/BARRA/500 O MAS GRS;GUSTOSITO/BARRA/SIN SABORGUSTOSITO/BARRA/500 O MAS GRS
GUSTOSITO/BARRA/VAINILLA;GUSTOSITO/BARRA/VAINILLA
GUSTOSITO/BARRA/VAINILLAGUSTOSITO/BARRA/500 O MAS GRS;GUSTOSITO/BARRA/VAINILLAGUSTOSITO/BARRA/500 O MAS GRS
HEBREOS 27/BARRA/CLAVOS Y CANELA;HEBREOS 27/BARRA/CLAVOS Y CANELA
HEBREOS 27/BARRA/CLAVOS Y CANELAHEBREOS 27/BARRA/250 374 GRS;HEBREOS 27/BARRA/CLAVOS Y CANELAHEBREOS 27/BARRA/250 374 GRS
HEBREOS 27/BARRA/VAINILLAHEBREOS 27/BARRA/250 374 GRS;HEBREOS 27/BARRA/VAINILLAHEBREOS 27/BARRA/250 374 GRS
LUKER/BARRA/CLAVOS Y CANELALUKER/BARRA/201 260 GRS;LUKER/BARRA/CLAVOS Y CANELALUKER/BARRA/201 260 GRS
PEPPERIDGE FARM;PEPPERIDGE FARM
WASA;WASA
NABISCO;NABISCO
CARRS;CARRS
MCVITIES;MCVITIES
PASCUAL;PASCUAL
JULES DESTROOPER;JULES DESTROOPER
BAKERS BATCH;BAKERS BATCH
DADDY RAYS;DADDY RAYS
ORGRAN;ORGRAN
STAUFFERS;STAUFFERS
POZUELO;POZUELO
LA PARMIGIANA;LA PARMIGIANA
BUDS BEST;BUDS BEST
PIRUCREAM;PIRUCREAM
ARTESANAS;ARTESANAS
ROYAL DANSK;ROYAL DANSK
BAGLEY;BAGLEY
GRANIX;GRANIX
BALOCCO;BALOCCO
EL CORTE INGLES;EL CORTE INGLES
LIL DUTCH MAID;LIL DUTCH MAID
BAUDUCCO;BAUDUCCO
OBLEAS LA ORIGINAL;OBLEAS LA ORIGINAL
VALUE 507;VALUE 507
LAS DELICIAS;LAS DELICIAS
LIGO;LIGO
MARINELA;MARINELA
GAMA;GAMA
CUETARA;CUETARA
MOLI;MOLI
MOLSA;MOLSA
OTROS;OTROS
ARCOR;ARCOR
MRS BECTORS CREMICA;MRS BECTORS CREMICA
FIBER ONE;FIBER ONE
KEEBLER;KEEBLER
ST MICHEL;ST MICHEL
BONNE MAMAN;BONNE MAMAN
JUNGLE JAMMERS;JUNGLE JAMMERS
AMARETTI;AMARETTI
LENNY LARRYS;LENNY LARRYS
MATILDE VICENZI;MATILDE VICENZI
MERBA;MERBA
NUTRISNACKS;NUTRISNACKS
LOTTE;LOTTE
FAMOUS AMOS;FAMOUS AMOS
PUIG;PUIG
FIFTY 50;FIFTY 50
LUNDBERG;LUNDBERG
KETO FACTORY;KETO FACTORY
DR MULLER;DR MULLER
BETTER KETO;BETTER KETO
PRIMAL BAKERY;PRIMAL BAKERY
SIMPLE MILLS;SIMPLE MILLS
BRAZILIAN BISCUIT;BRAZILIAN BISCUIT
SUITY;SUITY
PIROULINE;PIROULINE
PAPADOPOULOS;PAPADOPOULOS
DANESITA;DANESITA
JACOBSENS;JACOBSENS
M MS;M MS
SOPHIAS;SOPHIAS
COSECHA DORADA;COSECHA DORADA
RIMITH;RIMITH
RIO DE ORO;RIO DE ORO
BISQUINI;BISQUINI
KARAVANSAY;KARAVANSAY
CACHAFAZ;CACHAFAZ
ITAMARATY;ITAMARATY
COLUSSI;COLUSSI
MISURA;MISURA
ELLEDI;ELLEDI
SCHAR;SCHAR
MURRAY;MURRAY
DIET RADISSON;DIET RADISSON
MRS FIELDS;MRS FIELDS
DEL HORNO;DEL HORNO
GLUTINO;GLUTINO
LOTUS;LOTUS
BOWL BASKET;BOWL BASKET
ASIAN;ASIAN
UNCLE ALS;UNCLE ALS
RIP VAN;RIP VAN
KNOTTS;KNOTTS
DANISH NUTRIMEALS;DANISH NUTRIMEALS
GOLDEN SELECTION;GOLDEN SELECTION
DYNAS;DYNAS
DUKES;DUKES
WALKERS;WALKERS
GARDEN;GARDEN
HIGHKEY;HIGHKEY
BHU KETO;BHU KETO
MARCELA;MARCELA
MARINI;MARINI
CANASTA;CANASTA
JOCASTA;JOCASTA
TIO YEYO;TIO YEYO
SANTIVERI;SANTIVERI
DANCAKE;DANCAKE
TRESOR DORE;TRESOR DORE
AUSTIN;AUSTIN
MARILAN;MARILAN
DANEC;DANEC
QUINOACLUB;QUINOACLUB
BEST;BEST
MY MOTTO;MY MOTTO
IVANA;IVANA
SKINNY POP;SKINNY POP
SIMSEK;SIMSEK
DANISH;DANISH
MOON PIE;MOON PIE
BEE;BEE
SAPORI;SAPORI
DAELMANS;DAELMANS
DARE;DARE
BACK TO NATURE;BACK TO NATURE
QUEST;QUEST
NEW GROWNBORG;NEW GROWNBORG
SUPER SOL;SUPER SOL
ABURRA/BARRA/SIN SABORABURRA/BARRA/201 260 GRS;ABURRA/BARRA/SIN SABORABURRA/BARRA/201 260 GRS
ALBA DEL FONCE/BARRA/CLAVOS Y CANELAALBA DEL FONCE/BARRA/201 260 GRS;ALBA DEL FONCE/BARRA/CLAVOS Y CANELAALBA DEL FONCE/BARRA/201 260 GRS
ALBA DEL FONCE/BARRA/SIN SABORALBA DEL FONCE/BARRA/201 260 GRS;ALBA DEL FONCE/BARRA/SIN SABORALBA DEL FONCE/BARRA/201 260 GRS
ALBA DEL FONCE/BARRA/VAINILLAALBA DEL FONCE/BARRA/201 260 GRS;ALBA DEL FONCE/BARRA/VAINILLAALBA DEL FONCE/BARRA/201 260 GRS
AUTENTICO HUILENSE/BARRA/SIN SABORAUTENTICO HUILENSE/BARRA/201 260 GRS;AUTENTICO HUILENSE/BARRA/SIN SABORAUTENTICO HUILENSE/BARRA/201 260 GRS
CALENTANO/BARRA/CLAVOS CANELA NUEZ MOSCADA;CALENTANO/BARRA/CLAVOS CANELA NUEZ MOSCADA
CALENTANO/BARRA/CLAVOS CANELA NUEZ MOSCADACALENTANO/BARRA/201 260 GRS;CALENTANO/BARRA/CLAVOS CANELA NUEZ MOSCADACALENTANO/BARRA/201 260 GRS
CALENTANO/BARRA/CLAVOS CANELA NUEZ MOSCADACALENTANO/BARRA/500 O MAS GRS;CALENTANO/BARRA/CLAVOS CANELA NUEZ MOSCADACALENTANO/BARRA/500 O MAS GRS
CHOCO LATINO/BARRA/CLAVOS Y CANELA;CHOCO LATINO/BARRA/CLAVOS Y CANELA
CHOCO LATINO/BARRA/CLAVOS Y CANELACHOCO LATINO/BARRA/500 O MAS GRS;CHOCO LATINO/BARRA/CLAVOS Y CANELACHOCO LATINO/BARRA/500 O MAS GRS
CHOCO LYNE/BARRA/CLAVOS Y CANELACHOCO LYNE/BARRA/141 200 GRS;CHOCO LYNE/BARRA/CLAVOS Y CANELACHOCO LYNE/BARRA/141 200 GRS
CHOCO LYNE/BARRA/SIN SABORCHOCO LYNE/BARRA/141 200 GRS;CHOCO LYNE/BARRA/SIN SABORCHOCO LYNE/BARRA/141 200 GRS
CHOCO LYNE/CAPSULAS/SIN SABOR;CHOCO LYNE/CAPSULAS/SIN SABOR
CHOCO LYNE/CAPSULAS/SIN SABORCHOCO LYNE/CAPSULAS/0 25 GRS;CHOCO LYNE/CAPSULAS/SIN SABORCHOCO LYNE/CAPSULAS/0 25 GRS
CHOCO LYNE/POLVO/SIN SABORCHOCO LYNE/POLVO/500 O MAS GRS;CHOCO LYNE/POLVO/SIN SABORCHOCO LYNE/POLVO/500 O MAS GRS
CHOCOLATADA/POLVO/CLAVOS Y CANELACHOCOLATADA/POLVO/375 499 GRS;CHOCOLATADA/POLVO/CLAVOS Y CANELACHOCOLATADA/POLVO/375 499 GRS
CHOCOLATADA/POLVO/SIN SABORCHOCOLATADA/POLVO/375 499 GRS;CHOCOLATADA/POLVO/SIN SABORCHOCOLATADA/POLVO/375 499 GRS
CHUCURENO/BARRA/CLAVOS Y CANELACHUCURENO/BARRA/201 260 GRS;CHUCURENO/BARRA/CLAVOS Y CANELACHUCURENO/BARRA/201 260 GRS
CHUCURENO/BARRA/SIN SABORCHUCURENO/BARRA/201 260 GRS;CHUCURENO/BARRA/SIN SABORCHUCURENO/BARRA/201 260 GRS
CHUCURENO/BARRA/VAINILLACHUCURENO/BARRA/201 260 GRS;CHUCURENO/BARRA/VAINILLACHUCURENO/BARRA/201 260 GRS
COLONIAL/BARRA/SIN SABORCOLONIAL/BARRA/201 260 GRS;COLONIAL/BARRA/SIN SABORCOLONIAL/BARRA/201 260 GRS
COLONIAL/BARRA/VAINILLACOLONIAL/BARRA/201 260 GRS;COLONIAL/BARRA/VAINILLACOLONIAL/BARRA/201 260 GRS
COLOSAL/BARRA/CLAVOS Y CANELACOLOSAL/BARRA/201 260 GRS;COLOSAL/BARRA/CLAVOS Y CANELACOLOSAL/BARRA/201 260 GRS
COLOSAL/BARRA/SIN SABORCOLOSAL/BARRA/201 260 GRS;COLOSAL/BARRA/SIN SABORCOLOSAL/BARRA/201 260 GRS
COLOSAL/BARRA/VAINILLACOLOSAL/BARRA/201 260 GRS;COLOSAL/BARRA/VAINILLACOLOSAL/BARRA/201 260 GRS
CORONA/BARRA/CAFE;CORONA/BARRA/CAFE
CORONA/BARRA/CAFECORONA/BARRA/375 499 GRS;CORONA/BARRA/CAFECORONA/BARRA/375 499 GRS
CORONA/BARRA/CLAVOS Y CANELACORONA/BARRA/201 260 GRS;CORONA/BARRA/CLAVOS Y CANELACORONA/BARRA/201 260 GRS
CORONA/BARRA/OTROS SABORESCORONA/BARRA/201 260 GRS;CORONA/BARRA/OTROS SABORESCORONA/BARRA/201 260 GRS
CORONA/BARRA/SIN SABORCORONA/BARRA/141 200 GRS;CORONA/BARRA/SIN SABORCORONA/BARRA/141 200 GRS
CORONA/BARRA/SIN SABORCORONA/BARRA/201 260 GRS;CORONA/BARRA/SIN SABORCORONA/BARRA/201 260 GRS
CORONA/BARRA/VAINILLACORONA/BARRA/201 260 GRS;CORONA/BARRA/VAINILLACORONA/BARRA/201 260 GRS
CORONA/CAPSULAS/SIN SABOR;CORONA/CAPSULAS/SIN SABOR
CORONA/CAPSULAS/SIN SABORCORONA/CAPSULAS/126 140 GRS;CORONA/CAPSULAS/SIN SABORCORONA/CAPSULAS/126 140 GRS
CRUZ/BARRA/SIN SABORCRUZ/BARRA/201 260 GRS;CRUZ/BARRA/SIN SABORCRUZ/BARRA/201 260 GRS
DEL ALTIPLANO/BARRA/SIN SABORDEL ALTIPLANO/BARRA/201 260 GRS;DEL ALTIPLANO/BARRA/SIN SABORDEL ALTIPLANO/BARRA/201 260 GRS
DIAMANTE/BARRA/SIN SABORDIAMANTE/BARRA/201 260 GRS;DIAMANTE/BARRA/SIN SABORDIAMANTE/BARRA/201 260 GRS
DOLCE GUSTO/CAPSULAS/SIN SABOR;DOLCE GUSTO/CAPSULAS/SIN SABOR
DOLCE GUSTO/CAPSULAS/SIN SABORDOLCE GUSTO/CAPSULAS/201 260 GRS;DOLCE GUSTO/CAPSULAS/SIN SABORDOLCE GUSTO/CAPSULAS/201 260 GRS
DOLCE GUSTO/CAPSULAS/SIN SABORDOLCE GUSTO/CAPSULAS/261 374 GRS;DOLCE GUSTO/CAPSULAS/SIN SABORDOLCE GUSTO/CAPSULAS/261 374 GRS
EL CHOCOLATERO/BARRA/SIN SABOREL CHOCOLATERO/BARRA/201 260 GRS;EL CHOCOLATERO/BARRA/SIN SABOREL CHOCOLATERO/BARRA/201 260 GRS
EL CUCUTENO/BARRA/SIN SABOREL CUCUTENO/BARRA/201 260 GRS;EL CUCUTENO/BARRA/SIN SABOREL CUCUTENO/BARRA/201 260 GRS
EL ESPANOL/BARRA/SIN SABOREL ESPANOL/BARRA/201 260 GRS;EL ESPANOL/BARRA/SIN SABOREL ESPANOL/BARRA/201 260 GRS
EL ROCIO/BARRA/SIN SABOREL ROCIO/BARRA/261 374 GRS;EL ROCIO/BARRA/SIN SABOREL ROCIO/BARRA/261 374 GRS
GALAVIS/BARRA/SIN SABORGALAVIS/BARRA/201 260 GRS;GALAVIS/BARRA/SIN SABORGALAVIS/BARRA/201 260 GRS
GIRONES/BARRA/CLAVOS Y CANELAGIRONES/BARRA/201 260 GRS;GIRONES/BARRA/CLAVOS Y CANELAGIRONES/BARRA/201 260 GRS
GIRONES/BARRA/SIN SABORGIRONES/BARRA/201 260 GRS;GIRONES/BARRA/SIN SABORGIRONES/BARRA/201 260 GRS
GIRONES/BARRA/VAINILLAGIRONES/BARRA/201 260 GRS;GIRONES/BARRA/VAINILLAGIRONES/BARRA/201 260 GRS
GUSTOSITO/BARRA/SIN SABORGUSTOSITO/BARRA/201 260 GRS;GUSTOSITO/BARRA/SIN SABORGUSTOSITO/BARRA/201 260 GRS
HEBREOS 27/BARRA/CLAVOS Y CANELAHEBREOS 27/BARRA/201 260 GRS;HEBREOS 27/BARRA/CLAVOS Y CANELAHEBREOS 27/BARRA/201 260 GRS
HEBREOS 27/BARRA/SIN SABORHEBREOS 27/BARRA/201 260 GRS;HEBREOS 27/BARRA/SIN SABORHEBREOS 27/BARRA/201 260 GRS
HEBREOS 27/BARRA/VAINILLAHEBREOS 27/BARRA/201 260 GRS;HEBREOS 27/BARRA/VAINILLAHEBREOS 27/BARRA/201 260 GRS
HERSHEY S/POLVO/SIN SABORHERSHEY S/POLVO/500 O MAS GRS;HERSHEY S/POLVO/SIN SABORHERSHEY S/POLVO/500 O MAS GRS
IBAGUERENA/BARRA/SIN SABORIBAGUERENA/BARRA/201 260 GRS;IBAGUERENA/BARRA/SIN SABORIBAGUERENA/BARRA/201 260 GRS
JUAN CHOCONAT/POLVO/CLAVOS Y CANELAJUAN CHOCONAT/POLVO/375 499 GRS;JUAN CHOCONAT/POLVO/CLAVOS Y CANELAJUAN CHOCONAT/POLVO/375 499 GRS
JUAN CHOCONAT/POLVO/SIN SABORJUAN CHOCONAT/POLVO/261 374 GRS;JUAN CHOCONAT/POLVO/SIN SABORJUAN CHOCONAT/POLVO/261 374 GRS
KAVID/BARRA/CLAVOS Y CANELAKAVID/BARRA/201 260 GRS;KAVID/BARRA/CLAVOS Y CANELAKAVID/BARRA/201 260 GRS
KAVID/BARRA/SIN SABORKAVID/BARRA/201 260 GRS;KAVID/BARRA/SIN SABORKAVID/BARRA/201 260 GRS
KAVID/BARRA/VAINILLAKAVID/BARRA/201 260 GRS;KAVID/BARRA/VAINILLAKAVID/BARRA/201 260 GRS
LA ANTIGUA/BARRA/SIN SABORLA ANTIGUA/BARRA/201 260 GRS;LA ANTIGUA/BARRA/SIN SABORLA ANTIGUA/BARRA/201 260 GRS
LA ANTIGUA/POLVO/SIN SABORLA ANTIGUA/POLVO/500 O MAS GRS;LA ANTIGUA/POLVO/SIN SABORLA ANTIGUA/POLVO/500 O MAS GRS
LA BODEGUITA/BARRA/SIN SABORLA BODEGUITA/BARRA/201 260 GRS;LA BODEGUITA/BARRA/SIN SABORLA BODEGUITA/BARRA/201 260 GRS
LA BOLITA/BARRA/CLAVOS Y CANELALA BOLITA/BARRA/141 200 GRS;LA BOLITA/BARRA/CLAVOS Y CANELALA BOLITA/BARRA/141 200 GRS
LA BOLITA/BARRA/CLAVOS Y CANELALA BOLITA/BARRA/201 260 GRS;LA BOLITA/BARRA/CLAVOS Y CANELALA BOLITA/BARRA/201 260 GRS
LA BOLITA/BARRA/SIN SABORLA BOLITA/BARRA/141 200 GRS;LA BOLITA/BARRA/SIN SABORLA BOLITA/BARRA/141 200 GRS
LA BOLITA/BARRA/SIN SABORLA BOLITA/BARRA/261 374 GRS;LA BOLITA/BARRA/SIN SABORLA BOLITA/BARRA/261 374 GRS
LA ESPECIAL/BARRA/CLAVOS Y CANELALA ESPECIAL/BARRA/201 260 GRS;LA ESPECIAL/BARRA/CLAVOS Y CANELALA ESPECIAL/BARRA/201 260 GRS
LA ESPECIAL/BARRA/SIN SABORLA ESPECIAL/BARRA/201 260 GRS;LA ESPECIAL/BARRA/SIN SABORLA ESPECIAL/BARRA/201 260 GRS
LA ESPECIAL/BARRA/VAINILLALA ESPECIAL/BARRA/201 260 GRS;LA ESPECIAL/BARRA/VAINILLALA ESPECIAL/BARRA/201 260 GRS
LA FORTALEZA/BARRA/SIN SABORLA FORTALEZA/BARRA/261 374 GRS;LA FORTALEZA/BARRA/SIN SABORLA FORTALEZA/BARRA/261 374 GRS
LATINO/BARRA/SIN SABOR;LATINO/BARRA/SIN SABOR
LATINO/BARRA/SIN SABORLATINO/BARRA/201 260 GRS;LATINO/BARRA/SIN SABORLATINO/BARRA/201 260 GRS
LATINO/BARRA/SIN SABORLATINO/BARRA/500 O MAS GRS;LATINO/BARRA/SIN SABORLATINO/BARRA/500 O MAS GRS
LUKER/BARRA/CLAVOS Y CANELALUKER/BARRA/141 200 GRS;LUKER/BARRA/CLAVOS Y CANELALUKER/BARRA/141 200 GRS
LUKER/BARRA/CLAVOS Y CANELALUKER/BARRA/261 374 GRS;LUKER/BARRA/CLAVOS Y CANELALUKER/BARRA/261 374 GRS
LUKER/BARRA/SIN SABORLUKER/BARRA/141 200 GRS;LUKER/BARRA/SIN SABORLUKER/BARRA/141 200 GRS
LUKER/BARRA/SIN SABORLUKER/BARRA/201 260 GRS;LUKER/BARRA/SIN SABORLUKER/BARRA/201 260 GRS
LUKER/BARRA/SIN SABORLUKER/BARRA/261 374 GRS;LUKER/BARRA/SIN SABORLUKER/BARRA/261 374 GRS
LUKER/POLVO/SIN SABORLUKER/POLVO/500 O MAS GRS;LUKER/POLVO/SIN SABORLUKER/POLVO/500 O MAS GRS
MANAJAI/BARRA/CLAVOS Y CANELAMANAJAI/BARRA/201 260 GRS;MANAJAI/BARRA/CLAVOS Y CANELAMANAJAI/BARRA/201 260 GRS
MAXI CLAVOS CANELA/BARRA/CLAVOS Y CANELAMAXI CLAVOS CANELA/BARRA/201 260 GRS;MAXI CLAVOS CANELA/BARRA/CLAVOS Y CANELAMAXI CLAVOS CANELA/BARRA/201 260 GRS
MAXI TRADICIONAL/BARRA/SIN SABORMAXI TRADICIONAL/BARRA/201 260 GRS;MAXI TRADICIONAL/BARRA/SIN SABORMAXI TRADICIONAL/BARRA/201 260 GRS
MI PAIS/BARRA/CLAVOS Y CANELAMI PAIS/BARRA/201 260 GRS;MI PAIS/BARRA/CLAVOS Y CANELAMI PAIS/BARRA/201 260 GRS
MI PAIS/BARRA/SIN SABORMI PAIS/BARRA/201 260 GRS;MI PAIS/BARRA/SIN SABORMI PAIS/BARRA/201 260 GRS
MI PAIS/BARRA/VAINILLAMI PAIS/BARRA/201 260 GRS;MI PAIS/BARRA/VAINILLAMI PAIS/BARRA/201 260 GRS
NUEVO DIA/BARRA/SIN SABORNUEVO DIA/BARRA/201 260 GRS;NUEVO DIA/BARRA/SIN SABORNUEVO DIA/BARRA/201 260 GRS
NUNCHUAH/BARRA/SIN SABORNUNCHUAH/BARRA/201 260 GRS;NUNCHUAH/BARRA/SIN SABORNUNCHUAH/BARRA/201 260 GRS
NUNCHUAH/POLVO/SIN SABOR;NUNCHUAH/POLVO/SIN SABOR
NUNCHUAH/POLVO/SIN SABORNUNCHUAH/POLVO/375 499 GRS;NUNCHUAH/POLVO/SIN SABORNUNCHUAH/POLVO/375 499 GRS
PRIARR/BARRA/SIN SABORPRIARR/BARRA/201 260 GRS;PRIARR/BARRA/SIN SABORPRIARR/BARRA/201 260 GRS
QUESADA/BARRA/CLAVOS Y CANELAQUESADA/BARRA/201 260 GRS;QUESADA/BARRA/CLAVOS Y CANELAQUESADA/BARRA/201 260 GRS
QUESADA/BARRA/SIN SABORQUESADA/BARRA/201 260 GRS;QUESADA/BARRA/SIN SABORQUESADA/BARRA/201 260 GRS
QUESADA/BARRA/VAINILLAQUESADA/BARRA/201 260 GRS;QUESADA/BARRA/VAINILLAQUESADA/BARRA/201 260 GRS
REAL/BARRA/CLAVOS Y CANELA;REAL/BARRA/CLAVOS Y CANELA
REAL/BARRA/CLAVOS Y CANELAREAL/BARRA/500 O MAS GRS;REAL/BARRA/CLAVOS Y CANELAREAL/BARRA/500 O MAS GRS
SAN JOSE/BARRA/SIN SABORSAN JOSE/BARRA/0 25 GRS;SAN JOSE/BARRA/SIN SABORSAN JOSE/BARRA/0 25 GRS
SAN JOSE/BARRA/SIN SABORSAN JOSE/BARRA/201 260 GRS;SAN JOSE/BARRA/SIN SABORSAN JOSE/BARRA/201 260 GRS
SAN JOSE/BARRA/VAINILLASAN JOSE/BARRA/201 260 GRS;SAN JOSE/BARRA/VAINILLASAN JOSE/BARRA/201 260 GRS
SAN RAFAEL/BARRA/CLAVOS Y CANELASAN RAFAEL/BARRA/201 260 GRS;SAN RAFAEL/BARRA/CLAVOS Y CANELASAN RAFAEL/BARRA/201 260 GRS
SAN RAFAEL/BARRA/SIN SABORSAN RAFAEL/BARRA/201 260 GRS;SAN RAFAEL/BARRA/SIN SABORSAN RAFAEL/BARRA/201 260 GRS
SAN RAFAEL/BARRA/VAINILLASAN RAFAEL/BARRA/201 260 GRS;SAN RAFAEL/BARRA/VAINILLASAN RAFAEL/BARRA/201 260 GRS
SANTO/BARRA/SIN SABORSANTO/BARRA/201 260 GRS;SANTO/BARRA/SIN SABORSANTO/BARRA/201 260 GRS
SOL/BARRA/SIN SABORSOL/BARRA/261 374 GRS;SOL/BARRA/SIN SABORSOL/BARRA/261 374 GRS
SUPER SOL/POLVO/SIN SABOR;SUPER SOL/POLVO/SIN SABOR
SUPER SOL/POLVO/SIN SABORSUPER SOL/POLVO/141 200 GRS;SUPER SOL/POLVO/SIN SABORSUPER SOL/POLVO/141 200 GRS
SUPER SOL/POLVO/SIN SABORSUPER SOL/POLVO/33 125 GRS;SUPER SOL/POLVO/SIN SABORSUPER SOL/POLVO/33 125 GRS
SUPER/BARRA/SIN SABORSUPER/BARRA/201 260 GRS;SUPER/BARRA/SIN SABORSUPER/BARRA/201 260 GRS
SUPERLIDER/BARRA/CLAVOS Y CANELASUPERLIDER/BARRA/201 260 GRS;SUPERLIDER/BARRA/CLAVOS Y CANELASUPERLIDER/BARRA/201 260 GRS
SURATA/BARRA/SIN SABORSURATA/BARRA/201 260 GRS;SURATA/BARRA/SIN SABORSURATA/BARRA/201 260 GRS
SURTIFAMILIAR/BARRA/SIN SABORSURTIFAMILIAR/BARRA/201 260 GRS;SURTIFAMILIAR/BARRA/SIN SABORSURTIFAMILIAR/BARRA/201 260 GRS
SWISS MISS/POLVO/SIN SABORSWISS MISS/POLVO/500 O MAS GRS;SWISS MISS/POLVO/SIN SABORSWISS MISS/POLVO/500 O MAS GRS
TESALIA/BARRA/CLAVOS Y CANELATESALIA/BARRA/201 260 GRS;TESALIA/BARRA/CLAVOS Y CANELATESALIA/BARRA/201 260 GRS
TESALIA/BARRA/SIN SABORTESALIA/BARRA/261 374 GRS;TESALIA/BARRA/SIN SABORTESALIA/BARRA/261 374 GRS
TIPIKO/POLVO/SIN SABORTIPIKO/POLVO/500 O MAS GRS;TIPIKO/POLVO/SIN SABORTIPIKO/POLVO/500 O MAS GRS
TOLIMAX/BARRA/CLAVOS CANELA NUEZ MOSCADA;TOLIMAX/BARRA/CLAVOS CANELA NUEZ MOSCADA
TOLIMAX/BARRA/CLAVOS CANELA NUEZ MOSCADATOLIMAX/BARRA/0 25 GRS;TOLIMAX/BARRA/CLAVOS CANELA NUEZ MOSCADATOLIMAX/BARRA/0 25 GRS
TOLIMAX/BARRA/CLAVOS CANELA NUEZ MOSCADATOLIMAX/BARRA/201 260 GRS;TOLIMAX/BARRA/CLAVOS CANELA NUEZ MOSCADATOLIMAX/BARRA/201 260 GRS
TOLIMAX/BARRA/CLAVOS CANELA NUEZ MOSCADATOLIMAX/BARRA/500 O MAS GRS;TOLIMAX/BARRA/CLAVOS CANELA NUEZ MOSCADATOLIMAX/BARRA/500 O MAS GRS
TOLIMAX/BARRA/CLAVOS Y CANELATOLIMAX/BARRA/201 260 GRS;TOLIMAX/BARRA/CLAVOS Y CANELATOLIMAX/BARRA/201 260 GRS
TOLIMAX/BARRA/SIN SABORTOLIMAX/BARRA/201 260 GRS;TOLIMAX/BARRA/SIN SABORTOLIMAX/BARRA/201 260 GRS
TOLIMAX/BARRA/VAINILLATOLIMAX/BARRA/201 260 GRS;TOLIMAX/BARRA/VAINILLATOLIMAX/BARRA/201 260 GRS
TRIUNFO/BARRA/SIN SABORTRIUNFO/BARRA/26 32 GRS;TRIUNFO/BARRA/SIN SABORTRIUNFO/BARRA/26 32 GRS
VITACHOCOLATE/BARRA/SIN SABORVITACHOCOLATE/BARRA/201 260 GRS;VITACHOCOLATE/BARRA/SIN SABORVITACHOCOLATE/BARRA/201 260 GRS
PASADENA/BARRA/SIN SABORPASADENA/BARRA/201 260 GRS;PASADENA/BARRA/SIN SABORPASADENA/BARRA/201 260 GRS
TESALIA/BARRA/SIN SABORTESALIA/BARRA/201 260 GRS;TESALIA/BARRA/SIN SABORTESALIA/BARRA/201 260 GRS
ANDINO/BARRA/OTROS SABORESANDINO/BARRA/201 260 GRS;ANDINO/BARRA/OTROS SABORESANDINO/BARRA/201 260 GRS
CHOCO LYNE/POLVO/SIN SABORCHOCO LYNE/POLVO/201 260 GRS;CHOCO LYNE/POLVO/SIN SABORCHOCO LYNE/POLVO/201 260 GRS
PIKIS;PIKIS
CHOKIS;CHOKIS
BIMBO;BIMBO
ALMONETTE;ALMONETTE
WIBISCO;WIBISCO
CERELINE;CERELINE
J HIGGS;J HIGGS
RONDOLETTI;RONDOLETTI
VOORTMAN;VOORTMAN
CHEEZ IT;CHEEZ IT
BETTY CROCKER;BETTY CROCKER
DANISA;DANISA
CRAFTY COOKING;CRAFTY COOKING
DIBELLA;DIBELLA
VIRGINIAS;VIRGINIAS
MAFAM;MAFAM
PANAMA GOURMET;PANAMA GOURMET
ZEMAS;ZEMAS
INDEFINIDA;INDEFINIDA
DANY;DANY
TASTY CHOICE;TASTY CHOICE
LIOR;LIOR
MI VIEJITA;MI VIEJITA
LIDO;LIDO
PERRERO;PERRERO
LOTTE PEPERO;LOTTE PEPERO
OLSON;OLSON
MIKAELAS;MIKAELAS
MAX ALEX;MAX ALEX
HONEY STINGER;HONEY STINGER
THE COMPLETE;THE COMPLETE
FILET BLEU;FILET BLEU
CRAFTING COOKING KIDS;CRAFTING COOKING KIDS
ASTOR;ASTOR
BELGIAN;BELGIAN
FAMOUS;FAMOUS
CASABITOS;CASABITOS
SNYDERS;SNYDERS
ROYAL CASTLE;ROYAL CASTLE
KINNIKINNICK;KINNIKINNICK
MANA;MANA
SAVOIARDI;SAVOIARDI
THE GARDEN;THE GARDEN
DR SCHAR;DR SCHAR
DE BEUKELAER;DE BEUKELAER
BLUE DIAMOND;BLUE DIAMOND
MONEL INC;MONEL INC
BROWNIE BRITTLE;BROWNIE BRITTLE
MYSUPERFOODS;MYSUPERFOODS
ASIAN GOURMET;ASIAN GOURMET
PAMPA;PAMPA
BHU FOODS;BHU FOODS
SHOPPERS VALUE;SHOPPERS VALUE
GLUTEN;GLUTEN
MEMBERS MARK;MEMBERS MARK
BAHLSEN;BAHLSEN
BERRY FARM;BERRY FARM
MARYS GONE CRACKERS;MARYS GONE CRACKERS
PAMELAS;PAMELAS
SNACK TIME;SNACK TIME
CLEARLY ORGANIC;CLEARLY ORGANIC
ADORO;ADORO
VITARELLA;VITARELLA
DEVON;DEVON
TATE BAKE SHOP;TATE BAKE SHOP
BUFF BAKE;BUFF BAKE
MRS THINSTERS;MRS THINSTERS
BARBARA S BAKERY;BARBARA S BAKERY
GOLDEN CANNOLI;GOLDEN CANNOLI
ANNAS;ANNAS
QUINOA CLUB;QUINOA CLUB
CATALINA CRUNCH;CATALINA CRUNCH
OCTOBER FIFTH BAKERY;OCTOBER FIFTH BAKERY
SUPER CARNES;SUPER CARNES
GAVOTTES;GAVOTTES
CRUNCHMASTER;CRUNCHMASTER
SUZIE S;SUZIE S
GOLD MILLS;GOLD MILLS
ORGANIC;ORGANIC
LA VENEZOLANA;LA VENEZOLANA
ALWAYS SAVE;ALWAYS SAVE
FLAX;FLAX
GHIRARDELLI;GHIRARDELLI
NONNIS;NONNIS
DOUBLE BECKER;DOUBLE BECKER
SEPROD;SEPROD
DAWN;DAWN
PRODUCTOS CRISTY;PRODUCTOS CRISTY
WIN MILL;WIN MILL
OATMEGA;OATMEGA
FLAKITAS;FLAKITAS
MILTONS;MILTONS
FANCYPANTS;FANCYPANTS
MICRO STEPS;MICRO STEPS
PANOS BRANDS;PANOS BRANDS
WELLINGTON;WELLINGTON
HANNAH MAXI;HANNAH MAXI
JOSEPHS;JOSEPHS
PIROU;PIROU
PIRULIN;PIRULIN
ALESSI;ALESSI
VINCENSI AMARET;VINCENSI AMARET
ALMODINA;ALMODINA
LA MODERNA;LA MODERNA
COOKIES UNITED;COOKIES UNITED
ESSENTIAL EVERYDAY;ESSENTIAL EVERYDAY
EL TRECE/BARRA/SIN SABOR;EL TRECE/BARRA/SIN SABOR
EL TRECE/BARRA/SIN SABOREL TRECE/BARRA/201 260 GRS;EL TRECE/BARRA/SIN SABOREL TRECE/BARRA/201 260 GRS
EL TRECE/BARRA/SIN SABOREL TRECE/BARRA/33 125 GRS;EL TRECE/BARRA/SIN SABOREL TRECE/BARRA/33 125 GRS
LEBRIJA/BARRA/SIN SABOR;LEBRIJA/BARRA/SIN SABOR
LEBRIJA/BARRA/SIN SABORLEBRIJA/BARRA/201 260 GRS;LEBRIJA/BARRA/SIN SABORLEBRIJA/BARRA/201 260 GRS
LEBRIJA/BARRA/SIN SABORLEBRIJA/BARRA/500 O MAS GRS;LEBRIJA/BARRA/SIN SABORLEBRIJA/BARRA/500 O MAS GRS
ARAUCANO/BARRA/SIN SABORARAUCANO/BARRA/201 260 GRS;ARAUCANO/BARRA/SIN SABORARAUCANO/BARRA/201 260 GRS
EL TRECE/POLVO/SIN SABOR;EL TRECE/POLVO/SIN SABOR
EL TRECE/POLVO/SIN SABOREL TRECE/POLVO/141 200 GRS;EL TRECE/POLVO/SIN SABOREL TRECE/POLVO/141 200 GRS
FLORENTINAS;FLORENTINAS
MAMUT;MAMUT
WHOLESOME PANTRY;WHOLESOME PANTRY
ABSOLUTELY;ABSOLUTELY
FAT SNAX;FAT SNAX
GOLDEN FOODS;GOLDEN FOODS
CRAIZE;CRAIZE
SOFT BAKED;SOFT BAKED
DELI GOURMET;DELI GOURMET
DORADITAS;DORADITAS
ALGUSTO/BARRA/SIN SABORALGUSTO/BARRA/201 260 GRS;ALGUSTO/BARRA/SIN SABORALGUSTO/BARRA/201 260 GRS
CHOCKAND RALL/BARRA/SIN SABOR;CHOCKAND RALL/BARRA/SIN SABOR
CHOCKAND RALL/BARRA/SIN SABORCHOCKAND RALL/BARRA/500 O MAS GRS;CHOCKAND RALL/BARRA/SIN SABORCHOCKAND RALL/BARRA/500 O MAS GRS
CHOCO LATINO/BARRA/SIN SABORCHOCO LATINO/BARRA/201 260 GRS;CHOCO LATINO/BARRA/SIN SABORCHOCO LATINO/BARRA/201 260 GRS
FINO AROMA/POLVO/SIN SABOR;FINO AROMA/POLVO/SIN SABOR
FINO AROMA/POLVO/SIN SABORFINO AROMA/POLVO/141 200 GRS;FINO AROMA/POLVO/SIN SABORFINO AROMA/POLVO/141 200 GRS
HEBREOS 27/BARRA/SIN SABORHEBREOS 27/BARRA/33 125 GRS;HEBREOS 27/BARRA/SIN SABORHEBREOS 27/BARRA/33 125 GRS
MI PAIS/BARRA/SIN SABORMI PAIS/BARRA/26 32 GRS;MI PAIS/BARRA/SIN SABORMI PAIS/BARRA/26 32 GRS
VIDALIA/POLVO/SIN SABOR;VIDALIA/POLVO/SIN SABOR
VIDALIA/POLVO/SIN SABORVIDALIA/POLVO/201 260 GRS;VIDALIA/POLVO/SIN SABORVIDALIA/POLVO/201 260 GRS
ANDINO/BARRA/SIN SABORANDINO/BARRA/201 260 GRS;ANDINO/BARRA/SIN SABORANDINO/BARRA/201 260 GRS
ABUELITA/POLVO/SIN SABORABUELITA/POLVO/500 O MAS GRS;ABUELITA/POLVO/SIN SABORABUELITA/POLVO/500 O MAS GRS
MONTEROJO;MONTEROJO
UAU;UAU
BESIQUESO;BESIQUESO
TOZIMIX;TOZIMIX
RIZZZ;RIZZZ
POTATOS;POTATOS
TATO NACHOS;TATO NACHOS
PEPITO;PEPITO
DEL ALTIPLANO/POLVO/SIN SABORDEL ALTIPLANO/POLVO/201 260 GRS;DEL ALTIPLANO/POLVO/SIN SABORDEL ALTIPLANO/POLVO/201 260 GRS
NATURE S HEART/POLVO/SIN SABOR;NATURE S HEART/POLVO/SIN SABOR
NATURE S HEART/POLVO/SIN SABORNATURE S HEART/POLVO/33 125 GRS;NATURE S HEART/POLVO/SIN SABORNATURE S HEART/POLVO/33 125 GRS
REINA/BARRA/SIN SABORREINA/BARRA/33 125 GRS;REINA/BARRA/SIN SABORREINA/BARRA/33 125 GRS
SUPER/BARRA/CLAVOS Y CANELASUPER/BARRA/201 260 GRS;SUPER/BARRA/CLAVOS Y CANELASUPER/BARRA/201 260 GRS
BIG BEN;BIG BEN
TERRAFERTIL;TERRAFERTIL
MANICERO;MANICERO
ALIMENTOS PIU;ALIMENTOS PIU
PASSATEMPO;PASSATEMPO
KLIK;KLIK
FRIGOALTO;FRIGOALTO
CAQUETA AMAZONICO/BARRA/SIN SABOR;CAQUETA AMAZONICO/BARRA/SIN SABOR
CAQUETA AMAZONICO/BARRA/SIN SABORCAQUETA AMAZONICO/BARRA/500 O MAS GRS;CAQUETA AMAZONICO/BARRA/SIN SABORCAQUETA AMAZONICO/BARRA/500 O MAS GRS
CHOCO LYNE/CAPSULAS/SIN SABORCHOCO LYNE/CAPSULAS/33 125 GRS;CHOCO LYNE/CAPSULAS/SIN SABORCHOCO LYNE/CAPSULAS/33 125 GRS
CORONA/CAPSULAS/SIN SABORCORONA/CAPSULAS/33 125 GRS;CORONA/CAPSULAS/SIN SABORCORONA/CAPSULAS/33 125 GRS
MANA/BARRA/LECHEMANA/BARRA/201 260 GRS;MANA/BARRA/LECHEMANA/BARRA/201 260 GRS
CHOKER/POLVO/SIN SABORCHOKER/POLVO/500 O MAS GRS;CHOKER/POLVO/SIN SABORCHOKER/POLVO/500 O MAS GRS
EQUIORI/POLVO/SIN SABOR;EQUIORI/POLVO/SIN SABOR
EQUIORI/POLVO/SIN SABOREQUIORI/POLVO/141 200 GRS;EQUIORI/POLVO/SIN SABOREQUIORI/POLVO/141 200 GRS
CHISSTOZO;CHISSTOZO
CROKITOS;CROKITOS
BATAVIA;BATAVIA
WONKA;WONKA
FROM THE GROUND UP;FROM THE GROUND UP
GALIL;GALIL
ORGAN;ORGAN
DEL LLANO;DEL LLANO
REINA/BARRA/SIN SABORREINA/BARRA/201 260 GRS;REINA/BARRA/SIN SABORREINA/BARRA/201 260 GRS
TOGUEL/BARRA/SIN SABOR;TOGUEL/BARRA/SIN SABOR
TOGUEL/BARRA/SIN SABORTOGUEL/BARRA/500 O MAS GRS;TOGUEL/BARRA/SIN SABORTOGUEL/BARRA/500 O MAS GRS
SAN JOSE/BARRA/VAINILLASAN JOSE/BARRA/33 125 GRS;SAN JOSE/BARRA/VAINILLASAN JOSE/BARRA/33 125 GRS
WE ARE/POLVO/SIN SABOR;WE ARE/POLVO/SIN SABOR
WE ARE/POLVO/SIN SABORWE ARE/POLVO/126 140 GRS;WE ARE/POLVO/SIN SABORWE ARE/POLVO/126 140 GRS
SANDWICH;SANDWICH
LIL DUTCHMAID;LIL DUTCHMAID
BOKITAS;BOKITAS
PRINCIPE;PRINCIPE
WAFER;WAFER
SORBETO;SORBETO
CLUB EXTRA;CLUB EXTRA
NUTREX;NUTREX
CHIKY;CHIKY
CLUB ORO;CLUB ORO
INTENSO;INTENSO
NUTRI SNACKS;NUTRI SNACKS
CREMA SALTINES;CREMA SALTINES
CRISP;CRISP
ARCO IRIS;ARCO IRIS
CREMAX;CREMAX
ESCOLAR;ESCOLAR
CHEESE CRISP;CHEESE CRISP
EMPERADOR;EMPERADOR
PIAZZA;PIAZZA
PAN CREMA;PAN CREMA
CANAPINAS;CANAPINAS
CHOCO CHIPS;CHOCO CHIPS
DANESA;DANESA
CHOCO CREAM;CHOCO CREAM
CRACKETS;CRACKETS
MANICOTTI;MANICOTTI
MOROCHA;MOROCHA
FRUNA;FRUNA
WONDERFUL;WONDERFUL
AVENA;AVENA
DRAKIS;DRAKIS
KREMALI;KREMALI
FULLTOP;FULLTOP
FESTO;FESTO
VITALDAY;VITALDAY
SAVOY;SAVOY
BISCOVERY;BISCOVERY
KAT KAT;KAT KAT
DAPI;DAPI
FORMIS;FORMIS
DELICIAS;DELICIAS
COLOMBINA 100;COLOMBINA 100
JACOBS;JACOBS
MI DIA;MI DIA
ABURRA/BARRA/CLAVOS Y CANELAABURRA/BARRA/201 260 GRS;ABURRA/BARRA/CLAVOS Y CANELAABURRA/BARRA/201 260 GRS
ANDINO/BARRA/CARAMELO VAINILLA;ANDINO/BARRA/CARAMELO VAINILLA
ANDINO/BARRA/CARAMELO VAINILLAANDINO/BARRA/500 O MAS GRS;ANDINO/BARRA/CARAMELO VAINILLAANDINO/BARRA/500 O MAS GRS
BLOCK/BARRA/SIN SABORBLOCK/BARRA/201 260 GRS;BLOCK/BARRA/SIN SABORBLOCK/BARRA/201 260 GRS
BOLU/BARRA/SIN SABORBOLU/BARRA/201 260 GRS;BOLU/BARRA/SIN SABORBOLU/BARRA/201 260 GRS
BON AMI/BARRA/SIN SABORBON AMI/BARRA/201 260 GRS;BON AMI/BARRA/SIN SABORBON AMI/BARRA/201 260 GRS
CASERITO/BARRA/SIN SABORCASERITO/BARRA/141 200 GRS;CASERITO/BARRA/SIN SABORCASERITO/BARRA/141 200 GRS
CHOCO DIA/BARRA/SIN SABORCHOCO DIA/BARRA/201 260 GRS;CHOCO DIA/BARRA/SIN SABORCHOCO DIA/BARRA/201 260 GRS
CHOCO EXPRESS/POLVO/SIN SABORCHOCO EXPRESS/POLVO/500 O MAS GRS;CHOCO EXPRESS/POLVO/SIN SABORCHOCO EXPRESS/POLVO/500 O MAS GRS
CHOCO MIO/BARRA/CLAVOS Y CANELACHOCO MIO/BARRA/201 260 GRS;CHOCO MIO/BARRA/CLAVOS Y CANELACHOCO MIO/BARRA/201 260 GRS
CHOCO SOL/BARRA/SIN SABORCHOCO SOL/BARRA/201 260 GRS;CHOCO SOL/BARRA/SIN SABORCHOCO SOL/BARRA/201 260 GRS
CHOCOLATERO/BARRA/SIN SABORCHOCOLATERO/BARRA/201 260 GRS;CHOCOLATERO/BARRA/SIN SABORCHOCOLATERO/BARRA/201 260 GRS
CHOCOSANT/BARRA/SIN SABORCHOCOSANT/BARRA/201 260 GRS;CHOCOSANT/BARRA/SIN SABORCHOCOSANT/BARRA/201 260 GRS
CHOCOTOL/BARRA/SIN SABORCHOCOTOL/BARRA/33 125 GRS;CHOCOTOL/BARRA/SIN SABORCHOCOTOL/BARRA/33 125 GRS
CORDOBES/POLVO/CLAVOS Y CANELA;CORDOBES/POLVO/CLAVOS Y CANELA
CORDOBES/POLVO/CLAVOS Y CANELACORDOBES/POLVO/33 125 GRS;CORDOBES/POLVO/CLAVOS Y CANELACORDOBES/POLVO/33 125 GRS
CORONA/POLVO/SIN SABORCORONA/POLVO/500 O MAS GRS;CORONA/POLVO/SIN SABORCORONA/POLVO/500 O MAS GRS
CRUZ/BARRA/SIN SABORCRUZ/BARRA/141 200 GRS;CRUZ/BARRA/SIN SABORCRUZ/BARRA/141 200 GRS
CRUZ/BARRA/SIN SABORCRUZ/BARRA/261 374 GRS;CRUZ/BARRA/SIN SABORCRUZ/BARRA/261 374 GRS
DE LA ABUELA/BARRA/CLAVOS Y CANELADE LA ABUELA/BARRA/201 260 GRS;DE LA ABUELA/BARRA/CLAVOS Y CANELADE LA ABUELA/BARRA/201 260 GRS
DIANA/BARRA/CLAVOS Y CANELADIANA/BARRA/201 260 GRS;DIANA/BARRA/CLAVOS Y CANELADIANA/BARRA/201 260 GRS
DON RAFA/BARRA/SIN SABORDON RAFA/BARRA/201 260 GRS;DON RAFA/BARRA/SIN SABORDON RAFA/BARRA/201 260 GRS
EL TOQUE/BARRA/SIN SABOR;EL TOQUE/BARRA/SIN SABOR
EL TOQUE/BARRA/SIN SABOREL TOQUE/BARRA/375 499 GRS;EL TOQUE/BARRA/SIN SABOREL TOQUE/BARRA/375 499 GRS
ESTRELLA/BARRA/SIN SABORESTRELLA/BARRA/201 260 GRS;ESTRELLA/BARRA/SIN SABORESTRELLA/BARRA/201 260 GRS
FLOR DEL HUILA/BARRA/SIN SABORFLOR DEL HUILA/BARRA/201 260 GRS;FLOR DEL HUILA/BARRA/SIN SABORFLOR DEL HUILA/BARRA/201 260 GRS
GEDEON/BARRA/CLAVOS Y CANELAGEDEON/BARRA/201 260 GRS;GEDEON/BARRA/CLAVOS Y CANELAGEDEON/BARRA/201 260 GRS
GEDEON/BARRA/SIN SABORGEDEON/BARRA/201 260 GRS;GEDEON/BARRA/SIN SABORGEDEON/BARRA/201 260 GRS
GEDEON/BARRA/VAINILLAGEDEON/BARRA/201 260 GRS;GEDEON/BARRA/VAINILLAGEDEON/BARRA/201 260 GRS
KAPUA/BARRA/SIN SABORKAPUA/BARRA/201 260 GRS;KAPUA/BARRA/SIN SABORKAPUA/BARRA/201 260 GRS
KHEKAINA/BARRA/SIN SABORKHEKAINA/BARRA/141 200 GRS;KHEKAINA/BARRA/SIN SABORKHEKAINA/BARRA/141 200 GRS
LA ABUELA/BARRA/SIN SABORLA ABUELA/BARRA/141 200 GRS;LA ABUELA/BARRA/SIN SABORLA ABUELA/BARRA/141 200 GRS
LA BOLITA/POLVO/SIN SABORLA BOLITA/POLVO/375 499 GRS;LA BOLITA/POLVO/SIN SABORLA BOLITA/POLVO/375 499 GRS
LA ESTRELLA/BARRA/SIN SABORLA ESTRELLA/BARRA/201 260 GRS;LA ESTRELLA/BARRA/SIN SABORLA ESTRELLA/BARRA/201 260 GRS
LA MIRANDA/BARRA/SIN SABORLA MIRANDA/BARRA/201 260 GRS;LA MIRANDA/BARRA/SIN SABORLA MIRANDA/BARRA/201 260 GRS
LIDER/BARRA/CLAVOS Y CANELALIDER/BARRA/201 260 GRS;LIDER/BARRA/CLAVOS Y CANELALIDER/BARRA/201 260 GRS
MADRIGAL/BARRA/SIN SABORMADRIGAL/BARRA/201 260 GRS;MADRIGAL/BARRA/SIN SABORMADRIGAL/BARRA/201 260 GRS
MERK MERK/BARRA/SIN SABOR;MERK MERK/BARRA/SIN SABOR
MERK MERK/BARRA/SIN SABORMERK MERK/BARRA/500 O MAS GRS;MERK MERK/BARRA/SIN SABORMERK MERK/BARRA/500 O MAS GRS
MERKEPAISA/BARRA/SIN SABORMERKEPAISA/BARRA/201 260 GRS;MERKEPAISA/BARRA/SIN SABORMERKEPAISA/BARRA/201 260 GRS
MI TIERRA/BARRA/SIN SABORMI TIERRA/BARRA/33 125 GRS;MI TIERRA/BARRA/SIN SABORMI TIERRA/BARRA/33 125 GRS
MORAMOR/BARRA/SIN SABORMORAMOR/BARRA/141 200 GRS;MORAMOR/BARRA/SIN SABORMORAMOR/BARRA/141 200 GRS
MORAMOR/BARRA/SIN SABORMORAMOR/BARRA/201 260 GRS;MORAMOR/BARRA/SIN SABORMORAMOR/BARRA/201 260 GRS
NUTRICHOCO/BARRA/CLAVOS Y CANELANUTRICHOCO/BARRA/141 200 GRS;NUTRICHOCO/BARRA/CLAVOS Y CANELANUTRICHOCO/BARRA/141 200 GRS
NUTRICHOCO/BARRA/SIN SABORNUTRICHOCO/BARRA/201 260 GRS;NUTRICHOCO/BARRA/SIN SABORNUTRICHOCO/BARRA/201 260 GRS
OLIMPICO/BARRA/VAINILLA;OLIMPICO/BARRA/VAINILLA
OLIMPICO/BARRA/VAINILLAOLIMPICO/BARRA/500 O MAS GRS;OLIMPICO/BARRA/VAINILLAOLIMPICO/BARRA/500 O MAS GRS
QUESADA/BARRA/CARAMELO;QUESADA/BARRA/CARAMELO
QUESADA/BARRA/CARAMELOQUESADA/BARRA/500 O MAS GRS;QUESADA/BARRA/CARAMELOQUESADA/BARRA/500 O MAS GRS
RAMON AROCA/BARRA/SIN SABORRAMON AROCA/BARRA/201 260 GRS;RAMON AROCA/BARRA/SIN SABORRAMON AROCA/BARRA/201 260 GRS
SAN ANTERO/BARRA/SIN SABORSAN ANTERO/BARRA/201 260 GRS;SAN ANTERO/BARRA/SIN SABORSAN ANTERO/BARRA/201 260 GRS
SAN PEDRO/BARRA/SIN SABORSAN PEDRO/BARRA/201 260 GRS;SAN PEDRO/BARRA/SIN SABORSAN PEDRO/BARRA/201 260 GRS
SAN PETRO/BARRA/SIN SABORSAN PETRO/BARRA/201 260 GRS;SAN PETRO/BARRA/SIN SABORSAN PETRO/BARRA/201 260 GRS
SANJUANERO/BARRA/CLAVOS CANELA NUEZ MOSCADA;SANJUANERO/BARRA/CLAVOS CANELA NUEZ MOSCADA
SANJUANERO/BARRA/CLAVOS CANELA NUEZ MOSCADASANJUANERO/BARRA/500 O MAS GRS;SANJUANERO/BARRA/CLAVOS CANELA NUEZ MOSCADASANJUANERO/BARRA/500 O MAS GRS
SHEKAINA/BARRA/CLAVOS Y CANELASHEKAINA/BARRA/141 200 GRS;SHEKAINA/BARRA/CLAVOS Y CANELASHEKAINA/BARRA/141 200 GRS
SHEKAINA/BARRA/SIN SABORSHEKAINA/BARRA/141 200 GRS;SHEKAINA/BARRA/SIN SABORSHEKAINA/BARRA/141 200 GRS
SUISS/BARRA/CARAMELO VAINILLA;SUISS/BARRA/CARAMELO VAINILLA
SUISS/BARRA/CARAMELO VAINILLASUISS/BARRA/500 O MAS GRS;SUISS/BARRA/CARAMELO VAINILLASUISS/BARRA/500 O MAS GRS
SUPERIOR/BARRA/CLAVOS CANELA NUEZ MOSCADA;SUPERIOR/BARRA/CLAVOS CANELA NUEZ MOSCADA
SUPERIOR/BARRA/CLAVOS CANELA NUEZ MOSCADASUPERIOR/BARRA/201 260 GRS;SUPERIOR/BARRA/CLAVOS CANELA NUEZ MOSCADASUPERIOR/BARRA/201 260 GRS
SUPERIOR/BARRA/CLAVOS CANELA NUEZ MOSCADASUPERIOR/BARRA/500 O MAS GRS;SUPERIOR/BARRA/CLAVOS CANELA NUEZ MOSCADASUPERIOR/BARRA/500 O MAS GRS
SUPERIOR/BARRA/CLAVOS Y CANELASUPERIOR/BARRA/201 260 GRS;SUPERIOR/BARRA/CLAVOS Y CANELASUPERIOR/BARRA/201 260 GRS
TACITA DE FELICIDAD/BARRA/SIN SABORTACITA DE FELICIDAD/BARRA/201 260 GRS;TACITA DE FELICIDAD/BARRA/SIN SABORTACITA DE FELICIDAD/BARRA/201 260 GRS
TESALIA/BARRA/CLAVOS Y CANELATESALIA/BARRA/141 200 GRS;TESALIA/BARRA/CLAVOS Y CANELATESALIA/BARRA/141 200 GRS
TESALIA/BARRA/CLAVOS Y CANELATESALIA/BARRA/261 374 GRS;TESALIA/BARRA/CLAVOS Y CANELATESALIA/BARRA/261 374 GRS
VICMAR/BARRA/SIN SABORVICMAR/BARRA/201 260 GRS;VICMAR/BARRA/SIN SABORVICMAR/BARRA/201 260 GRS
CHOCOLATE NACIONAL/POLVO/SIN SABORCHOCOLATE NACIONAL/POLVO/500 O MAS GRS;CHOCOLATE NACIONAL/POLVO/SIN SABORCHOCOLATE NACIONAL/POLVO/500 O MAS GRS
SWISS MISS/POLVO/CARAMELO;SWISS MISS/POLVO/CARAMELO
SWISS MISS/POLVO/CARAMELOSWISS MISS/POLVO/33 125 GRS;SWISS MISS/POLVO/CARAMELOSWISS MISS/POLVO/33 125 GRS
SWISS MISS/POLVO/OTROS SABORES;SWISS MISS/POLVO/OTROS SABORES
SWISS MISS/POLVO/OTROS SABORESSWISS MISS/POLVO/33 125 GRS;SWISS MISS/POLVO/OTROS SABORESSWISS MISS/POLVO/33 125 GRS
SWISS MISS/POLVO/VAINILLA;SWISS MISS/POLVO/VAINILLA
SWISS MISS/POLVO/VAINILLASWISS MISS/POLVO/33 125 GRS;SWISS MISS/POLVO/VAINILLASWISS MISS/POLVO/33 125 GRS
CRUZ/BARRA/CLAVOS Y CANELACRUZ/BARRA/201 260 GRS;CRUZ/BARRA/CLAVOS Y CANELACRUZ/BARRA/201 260 GRS
GRAN DIA;GRAN DIA
